mls,feed_status,ticket,dlm,state,brokerage_name,broker_name,agreement_type,feed_access_level,display_url,rules_link,logo_link,disclaimer,dlm_email,company_name,last_updated,new_date,ready_for_compliance,pending_cws,pending_broker,pending_mls,pending_compliance_mod,approved_provisioning,approved_complete
Amelia Island Nassau County Association of REALTORS,Approved - Complete,ticketlink.com,C,FL,TESTBROKERAGE,TESTBROKER,Digital Signature (Trestle),IDX,[TESTBROKERAGE]realty.com,rules.com,logo.com,DISCLAIMER,dlm@email.com,[TESTBROKERAGE] Realty,11/6/2024 9:38am,8/7/2024,10/22/2024,,10/24/2024,,,10/28/2024,11/6/2024
Amelia Island Nassau County Association of REALTORS,Approved - Complete,ticketlink.com,C,FL,TESTBROKERAGE,TESTBROKER,Digital Signature (Trestle),Back Office,,rules.com,logo.com,DISCLAIMER,dlm@email.com,[TESTBROKERAGE] Realty,11/6/2024 2:26pm,8/7/2024,10/21/2024,,10/22/2024,,,10/23/2024,11/6/2024
Ann Arbor Area Board of REALTORS,Cancelled,ticketlink.com,A,MI,TESTBROKERAGE,TESTBROKER,Digital Signature (eSign),IDX,[TESTBROKERAGE]realty.com,rules.com,logo.com,DISCLAIMER,dlm@email.com,[TESTBROKERAGE] Realty,12/10/2024 12:08pm,7/29/2024,10/21/2024,,11/6/2024,,,,
Ann Arbor Area Board of REALTORS,Pending - Broker,ticketlink.com,A,MI,TESTBROKERAGE,TESTBROKER,Digital Signature (eSign),Back Office,,rules.com,logo.com,DISCLAIMER,dlm@email.com,[TESTBROKERAGE] Realty,11/6/2024 2:56pm,7/31/2024,10/21/2024,,11/6/2024,,,,
Arizona Regional Multiple Listing Service (ARMLS),Approved - Complete,ticketlink.com,D,AZ,TESTBROKERAGE,TESTBROKER,Automatic,IDX,[TESTBROKERAGE]realty.com,rules.com,logo.com,DISCLAIMER,dlm@email.com,[TESTBROKERAGE] Realty,8/27/2024 12:05pm,,,,,,,,8/27/2024
Arizona Regional Multiple Listing Service (ARMLS),Approved - Complete,ticketlink.com,D,AZ,TESTBROKERAGE,TESTBROKER,Automatic,Back Office,,rules.com,logo.com,DISCLAIMER,dlm@email.com,[TESTBROKERAGE] Realty,9/17/2024 1:27pm,7/31/2024,9/5/2024,,,,,9/5/2024,9/17/2024
Baldwin REALTORS,Pending - Broker,ticketlink.com,C,AL,TESTBROKERAGE,TESTBROKER,Broker-Initiated (PAM),Back Office,[TESTBROKERAGE]realty.com,rules.com,logo.com,DISCLAIMER,dlm@email.com,[TESTBROKERAGE] Realty,10/4/2024 1:26pm,7/31/2024,9/24/2024,,10/4/2024,,,,
Baldwin REALTORS,Approved - Complete,ticketlink.com,C,AL,TESTBROKERAGE,TESTBROKER,Broker-Initiated (PAM),IDX,[TESTBROKERAGE]realty.com,rules.com,logo.com,DISCLAIMER,dlm@email.com,[TESTBROKERAGE] Realty,8/30/2024 9:26am,,,,8/14/2024,,,8/28/2024,8/30/2024
BeachesMLS,Approved - Complete,ticketlink.com,C,FL,TESTBROKERAGE,TESTBROKER,Digital Signature (Trestle),IDX,[TESTBROKERAGE]realty.com,rules.com,logo.com,DISCLAIMER,dlm@email.com,[TESTBROKERAGE] Realty,8/28/2024 9:34am,,,,,,,8/26/2024,8/28/2024
BeachesMLS,Approved - Complete,ticketlink.com,C,FL,TESTBROKERAGE,TESTBROKER,Digital Signature (Trestle),VOW,[TESTBROKERAGE]realty.com,rules.com,logo.com,DISCLAIMER,dlm@email.com,[TESTBROKERAGE] Realty,11/15/2024 2:30pm,7/31/2024,9/5/2024,,9/18/2024,,,11/6/2024,11/15/2024
Beckley Board of REALTORS,New,ticketlink.com,A,WV,TESTBROKERAGE,TESTBROKER,Broker-Initiated (MLS Request),Back Office,,rules.com,logo.com,DISCLAIMER,dlm@email.com,[TESTBROKERAGE] Realty,7/31/2024 9:55am,7/31/2024,,,,,,,
Beckley Board of REALTORS,Approved - Complete,ticketlink.com,A,WV,TESTBROKERAGE,TESTBROKER,Broker-Initiated (MLS Request),IDX,[TESTBROKERAGE]realty.com,rules.com,logo.com,DISCLAIMER,dlm@email.com,[TESTBROKERAGE] Realty,11/12/2024 9:47am,7/29/2024,,,,11/5/2024,,11/5/2024,11/12/2024
Billings Multiple Listing Service,Approved - Complete,ticketlink.com,B,MT,TESTBROKERAGE,TESTBROKER,Digital Signature (Trestle),IDX,[TESTBROKERAGE]realty.com,rules.com,logo.com,DISCLAIMER,dlm@email.com,[TESTBROKERAGE] Realty,12/12/2024 11:20am,7/30/2024,10/21/2024,,10/21/2024,,,12/11/2024,12/12/2024
Billings Multiple Listing Service,Approved - Complete,ticketlink.com,B,MT,TESTBROKERAGE,TESTBROKER,Digital Signature (Trestle),Back Office,,rules.com,logo.com,DISCLAIMER,dlm@email.com,[TESTBROKERAGE] Realty,11/28/2024 10:32am,7/31/2024,10/21/2024,,10/21/2024,,,11/25/2024,11/28/2024
Black Hills Association of REALTORS,Approved - Complete,ticketlink.com,B,SD,TESTBROKERAGE,TESTBROKER,Digital Signature (eSign),IDX,[TESTBROKERAGE]realty.com,rules.com,logo.com,DISCLAIMER,dlm@email.com,[TESTBROKERAGE] Realty,11/12/2024 10:51am,8/7/2024,9/26/2024,,9/26/2024,10/2/2024,,,11/12/2024
Black Hills Association of REALTORS,Approved - Complete,ticketlink.com,B,SD,TESTBROKERAGE,TESTBROKER,Digital Signature (eSign),Back Office,[TESTBROKERAGE]realty.com,rules.com,logo.com,DISCLAIMER,dlm@email.com,[TESTBROKERAGE] Realty,11/15/2024 3:28pm,8/7/2024,9/26/2024,,9/26/2024,10/2/2024,,11/15/2024,11/15/2024
Bright MLS,New,ticketlink.com,A,MD,TESTBROKERAGE,TESTBROKER,Broker-Initiated (MLS Dashboard),Back Office,,rules.com,logo.com,DISCLAIMER,dlm@email.com,[TESTBROKERAGE] Realty,7/31/2024 9:55am,7/31/2024,,,,,,,
Bright MLS,Approved - Complete,ticketlink.com,A,MD,TESTBROKERAGE,TESTBROKER,Broker-Initiated (MLS Dashboard),IDX,[TESTBROKERAGE]realty.com,rules.com,logo.com,DISCLAIMER,dlm@email.com,[TESTBROKERAGE] Realty,12/12/2024 12:11pm,,,,8/14/2024,12/6/2024,,,12/12/2024
Brooklyn Board of REALTORS,Approved - Complete,ticketlink.com,A,NY,TESTBROKERAGE,TESTBROKER,Broker-Initiated (MLS Request),IDX,[TESTBROKERAGE]realty.com,rules.com,logo.com,DISCLAIMER,dlm@email.com,[TESTBROKERAGE] Realty,9/19/2024 6:14pm,,,,8/14/2024,,,9/16/2024,9/19/2024
Brooklyn Board of REALTORS,Approved - Complete,ticketlink.com,A,NY,TESTBROKERAGE,TESTBROKER,Broker-Initiated (MLS Request),Back Office,,rules.com,logo.com,DISCLAIMER,dlm@email.com,[TESTBROKERAGE] Realty,9/25/2024 10:56am,,,,8/15/2024,,,,9/25/2024
California Regional Multiple Listing Service (CRMLS),Approved - Complete,ticketlink.com,D,CA,TESTBROKERAGE,TESTBROKER,Digital Signature (eSign),IDX,[TESTBROKERAGE]realty.com,rules.com,logo.com,DISCLAIMER,dlm@email.com,[TESTBROKERAGE] Realty,8/15/2024 8:12am,,,,,,,,8/15/2024
California Regional Multiple Listing Service (CRMLS),Approved - Complete,ticketlink.com,D,CA,TESTBROKERAGE,TESTBROKER,Digital Signature (eSign),Back Office,,rules.com,logo.com,DISCLAIMER,dlm@email.com,[TESTBROKERAGE] Realty,9/17/2024 1:28pm,7/31/2024,9/5/2024,,,,,9/9/2024,9/17/2024
Canadian Real Estate Association (CREA),Cancelled,ticketlink.com,B,ON,TESTBROKERAGE,TESTBROKER,Broker-Initiated (MLS Dashboard),Back Office,,rules.com,logo.com,DISCLAIMER,dlm@email.com,[TESTBROKERAGE] Realty,9/13/2024 1:02pm,7/31/2024,9/13/2024,,,,,11/7/2024,11/12/2024
Canadian Real Estate Association (CREA),Approved - Complete,ticketlink.com,B,ON,TESTBROKERAGE,TESTBROKER,Broker-Initiated (MLS Dashboard),IDX,[TESTBROKERAGE]realty.com,rules.com,logo.com,DISCLAIMER,dlm@email.com,[TESTBROKERAGE] Realty,11/12/2024 10:48am,7/29/2024,9/13/2024,,9/13/2024,11/7/2024,11/11/2024,,
Canopy MLS (Canopy Realtor Association),Pending - MLS,ticketlink.com,C,NC,TESTBROKERAGE,TESTBROKER,Digital Signature (MLS Grid),IDX,[TESTBROKERAGE]realty.com,rules.com,logo.com,DISCLAIMER,dlm@email.com,[TESTBROKERAGE] Realty,11/26/2024 11:38am,7/30/2024,9/11/2024,,9/18/2024,11/26/2024,,11/11/2024,11/18/2024
Canopy MLS (Canopy Realtor Association),Approved - Complete,ticketlink.com,C,NC,TESTBROKERAGE,TESTBROKER,Digital Signature (MLS Grid),Back Office,,rules.com,logo.com,DISCLAIMER,dlm@email.com,[TESTBROKERAGE] Realty,11/18/2024 9:53am,7/31/2024,9/11/2024,,9/18/2024,,,9/27/2024,10/2/2024
Cape Cod & Islands Association of REALTORS,Approved - Complete,ticketlink.com,A,MA,TESTBROKERAGE,TESTBROKER,Digital Signature (eSign),IDX,[TESTBROKERAGE]realty.com,rules.com,logo.com,DISCLAIMER,dlm@email.com,[TESTBROKERAGE] Realty,10/2/2024 9:43am,7/30/2024,9/26/2024,,9/26/2024,9/26/2024,,9/27/2024,10/2/2024
Cape Cod & Islands Association of REALTORS,Approved - Complete,ticketlink.com,A,MA,TESTBROKERAGE,TESTBROKER,Digital Signature (eSign),Back Office,[TESTBROKERAGE]realty.com,rules.com,logo.com,DISCLAIMER,dlm@email.com,[TESTBROKERAGE] Realty,10/2/2024 9:42am,7/31/2024,9/26/2024,,9/26/2024,9/26/2024,,10/11/2024,10/16/2024
Capital Area Technology & REALTOR Services (Tallahassee Board of REALTORS),Approved - Complete,ticketlink.com,C,FL,TESTBROKERAGE,TESTBROKER,CWS Request,IDX,[TESTBROKERAGE]realty.com,rules.com,logo.com,DISCLAIMER,dlm@email.com,[TESTBROKERAGE] Realty,10/16/2024 10:45am,7/30/2024,9/26/2024,,,10/4/2024,,10/11/2024,10/16/2024
Capital Area Technology & REALTOR Services (Tallahassee Board of REALTORS),Approved - Complete,ticketlink.com,C,FL,TESTBROKERAGE,TESTBROKER,CWS Request,Back Office,[TESTBROKERAGE]realty.com,rules.com,logo.com,DISCLAIMER,dlm@email.com,[TESTBROKERAGE] Realty,10/16/2024 10:46am,7/31/2024,9/26/2024,,,10/4/2024,,10/23/2024,11/6/2024
Cedar Rapids Area Association of REALTORS,Approved - Complete,ticketlink.com,B,IA,TESTBROKERAGE,TESTBROKER,Digital Signature (Trestle),IDX,[TESTBROKERAGE]realty.com,rules.com,logo.com,DISCLAIMER,dlm@email.com,[TESTBROKERAGE] Realty,11/6/2024 9:45am,7/29/2024,10/21/2024,,10/21/2024,,,10/22/2024,10/28/2024
Cedar Rapids Area Association of REALTORS,Approved - Complete,ticketlink.com,B,IA,TESTBROKERAGE,TESTBROKER,Digital Signature (Trestle),Back Office,,rules.com,logo.com,DISCLAIMER,dlm@email.com,[TESTBROKERAGE] Realty,10/28/2024 5:15pm,7/31/2024,10/21/2024,,10/21/2024,,,11/18/2024,11/19/2024
Central Iowa Board of REALTORS,Approved - Complete,ticketlink.com,B,IA,TESTBROKERAGE,TESTBROKER,Digital Signature (Spark),IDX,[TESTBROKERAGE]realty.com,rules.com,logo.com,DISCLAIMER,dlm@email.com,[TESTBROKERAGE] Realty,11/19/2024 12:47pm,7/30/2024,9/13/2024,,9/24/2024,9/13/2024,,11/15/2024,11/15/2024
Central Iowa Board of REALTORS,Approved - Complete,ticketlink.com,B,IA,TESTBROKERAGE,TESTBROKER,Digital Signature (Spark),Back Office,,rules.com,logo.com,DISCLAIMER,dlm@email.com,[TESTBROKERAGE] Realty,11/15/2024 6:07pm,7/31/2024,9/13/2024,,9/13/2024,,,,8/20/2024
Central Jersey MLS,Approved - Complete,ticketlink.com,A,NJ,TESTBROKERAGE,TESTBROKER,Digital Signature (eSign),IDX,[TESTBROKERAGE]realty.com,rules.com,logo.com,DISCLAIMER,dlm@email.com,[TESTBROKERAGE] Realty,8/20/2024 1:14pm,,,,,,,9/11/2024,9/17/2024
Central Jersey MLS,Approved - Complete,ticketlink.com,A,NJ,TESTBROKERAGE,TESTBROKER,Digital Signature (eSign),Back Office,[TESTBROKERAGE]realty.com,rules.com,logo.com,DISCLAIMER,dlm@email.com,[TESTBROKERAGE] Realty,9/17/2024 1:47pm,7/31/2024,8/27/2024,,,9/11/2024,,10/24/2024,11/6/2024
Central New York Information Services,Approved - Complete,ticketlink.com,A,NY,TESTBROKERAGE,TESTBROKER,Digital Signature (Trestle),IDX,[TESTBROKERAGE]realty.com,rules.com,logo.com,DISCLAIMER,dlm@email.com,[TESTBROKERAGE] Realty,11/6/2024 9:18am,7/30/2024,10/21/2024,,10/22/2024,,,11/13/2024,11/15/2024
Central New York Information Services,Approved - Complete,ticketlink.com,A,NY,TESTBROKERAGE,TESTBROKER,Digital Signature (Trestle),Back Office,,rules.com,logo.com,DISCLAIMER,dlm@email.com,[TESTBROKERAGE] Realty,11/15/2024 12:33pm,7/31/2024,10/21/2024,,10/22/2024,,,11/21/2024,11/21/2024
Central Oregon Association of REALTORS,Approved - Complete,ticketlink.com,B,OR,TESTBROKERAGE,TESTBROKER,Digital Signature (Spark),IDX,[TESTBROKERAGE]realty.com,rules.com,logo.com,DISCLAIMER,dlm@email.com,[TESTBROKERAGE] Realty,11/21/2024 5:25pm,7/30/2024,11/14/2024,,11/15/2024,,,11/21/2024,11/21/2024
Central Oregon Association of REALTORS,Approved - Complete,ticketlink.com,B,OR,TESTBROKERAGE,TESTBROKER,Digital Signature (Spark),Back Office,,rules.com,logo.com,DISCLAIMER,dlm@email.com,[TESTBROKERAGE] Realty,11/21/2024 5:26pm,7/31/2024,11/14/2024,,11/15/2024,,,9/23/2024,10/2/2024
Central Panhandle Association of REALTORS,Approved - Complete,ticketlink.com,C,FL,TESTBROKERAGE,TESTBROKER,Digital Signature (Trestle),IDX,[TESTBROKERAGE]realty.com,rules.com,logo.com,DISCLAIMER,dlm@email.com,[TESTBROKERAGE] Realty,10/2/2024 10:32am,7/29/2024,9/11/2024,,9/17/2024,,,11/19/2024,11/24/2024
Central Panhandle Association of REALTORS,Approved - Complete,ticketlink.com,C,FL,TESTBROKERAGE,TESTBROKER,Digital Signature (Trestle),VOW,,rules.com,logo.com,DISCLAIMER,dlm@email.com,[TESTBROKERAGE] Realty,11/24/2024 12:49am,7/31/2024,9/11/2024,,11/19/2024,,,9/16/2024,9/19/2024
Central Texas MLS (CTXMLS),Approved - Complete,ticketlink.com,D,TX,TESTBROKERAGE,TESTBROKER,Digital Signature (Trestle),IDX,[TESTBROKERAGE]realty.com,rules.com,logo.com,DISCLAIMER,dlm@email.com,[TESTBROKERAGE] Realty,9/19/2024 1:50pm,7/29/2024,9/11/2024,,9/11/2024,,,9/13/2024,9/19/2024
Central Texas MLS (CTXMLS),Approved - Complete,ticketlink.com,D,TX,TESTBROKERAGE,TESTBROKER,Digital Signature (Trestle),Back Office,,rules.com,logo.com,DISCLAIMER,dlm@email.com,[TESTBROKERAGE] Realty,9/19/2024 2:15pm,7/31/2024,9/11/2024,,9/11/2024,,,10/23/2024,11/6/2024
Central Virginia Regional MLS,Approved - Complete,ticketlink.com,A,VA,TESTBROKERAGE,TESTBROKER,Digital Signature (Trestle),IDX,[TESTBROKERAGE]realty.com,rules.com,logo.com,DISCLAIMER,dlm@email.com,[TESTBROKERAGE] Realty,11/6/2024 9:19am,7/29/2024,10/21/2024,,10/22/2024,,,,
Central Virginia Regional MLS,Approved - Complete,ticketlink.com,A,VA,TESTBROKERAGE,TESTBROKER,Digital Signature (Trestle),Back Office,,rules.com,logo.com,DISCLAIMER,dlm@email.com,[TESTBROKERAGE] Realty,11/11/2024 5:52pm,7/31/2024,10/21/2024,,,,,10/23/2024,11/11/2024
Central West Tennessee Association of REALTORS,Approved - Complete,ticketlink.com,C,TN,TESTBROKERAGE,TESTBROKER,Digital Signature (Spark),IDX,[TESTBROKERAGE]realty.com,rules.com,logo.com,DISCLAIMER,dlm@email.com,[TESTBROKERAGE] Realty,11/6/2024 9:58am,7/29/2024,10/21/2024,,10/23/2024,,,11/1/2024,11/6/2024
Central West Tennessee Association of REALTORS,Approved - Complete,ticketlink.com,C,TN,TESTBROKERAGE,TESTBROKER,Digital Signature (Spark),Back Office,,rules.com,logo.com,DISCLAIMER,dlm@email.com,[TESTBROKERAGE] Realty,11/20/2024 9:35am,7/31/2024,10/21/2024,,10/23/2024,11/6/2024,,11/19/2024,11/20/2024
Central Wisconsin Multiple Listing Service,Approved - Complete,ticketlink.com,A,WI,TESTBROKERAGE,TESTBROKER,Broker-Initiated (MLS Request),IDX,[TESTBROKERAGE]realty.com,rules.com,logo.com,DISCLAIMER,dlm@email.com,[TESTBROKERAGE] Realty,11/12/2024 9:46am,7/30/2024,9/16/2024,,9/18/2024,11/6/2024,,11/6/2024,11/12/2024
Central Wisconsin Multiple Listing Service,Approved - Complete,ticketlink.com,A,WI,TESTBROKERAGE,TESTBROKER,Broker-Initiated (MLS Request),Back Office,,rules.com,logo.com,DISCLAIMER,dlm@email.com,[TESTBROKERAGE] Realty,11/14/2024 10:01am,7/31/2024,,,,,,11/6/2024,11/14/2024
CHS Regional MLS (CTAR),Pending - Broker,ticketlink.com,C,SC,TESTBROKERAGE,TESTBROKER,Digital Signature (eSign),Back Office,,rules.com,logo.com,DISCLAIMER,dlm@email.com,[TESTBROKERAGE] Realty,11/26/2024 11:15am,7/31/2024,10/21/2024,,11/26/2024,11/6/2024,,,
CHS Regional MLS (CTAR),Approved - Complete,ticketlink.com,C,SC,TESTBROKERAGE,TESTBROKER,Digital Signature (eSign),IDX,[TESTBROKERAGE]realty.com,rules.com,logo.com,DISCLAIMER,dlm@email.com,[TESTBROKERAGE] Realty,12/12/2024 12:35pm,7/30/2024,10/21/2024,,11/26/2024,12/10/2024,,12/10/2024,12/12/2024
Coastal Carolinas Association of REALTORS,Pending - MLS,ticketlink.com,C,SC,TESTBROKERAGE,TESTBROKER,Digital Signature (eSign),IDX,[TESTBROKERAGE]realty.com,rules.com,logo.com,DISCLAIMER,dlm@email.com,[TESTBROKERAGE] Realty,10/31/2024 4:24pm,7/29/2024,10/21/2024,,,10/31/2024,,,
Coastal Carolinas Association of REALTORS,Pending - MLS,ticketlink.com,C,SC,TESTBROKERAGE,TESTBROKER,Digital Signature (eSign),Back Office,,rules.com,logo.com,DISCLAIMER,dlm@email.com,[TESTBROKERAGE] Realty,10/31/2024 4:24pm,7/31/2024,10/21/2024,,,10/31/2024,,,
Coeur d'Alene Multiple Listing Service,Approved - Complete,ticketlink.com,B,ID,TESTBROKERAGE,TESTBROKER,Digital Signature (Spark),IDX,[TESTBROKERAGE]realty.com,rules.com,logo.com,DISCLAIMER,dlm@email.com,[TESTBROKERAGE] Realty,11/6/2024 9:53am,7/29/2024,10/21/2024,,10/21/2024,,,10/25/2024,11/6/2024
Coeur d'Alene Multiple Listing Service,Approved - Complete,ticketlink.com,B,ID,TESTBROKERAGE,TESTBROKER,Digital Signature (Spark),Back Office,,rules.com,logo.com,DISCLAIMER,dlm@email.com,[TESTBROKERAGE] Realty,11/12/2024 10:42am,7/31/2024,10/21/2024,,10/21/2024,,,11/6/2024,11/12/2024
Colorado Real Estate Network (CREN),Pending - MLS,ticketlink.com,D,CO,TESTBROKERAGE,TESTBROKER,Broker-Initiated (MLS Dashboard),IDX,[TESTBROKERAGE]realty.com,rules.com,logo.com,DISCLAIMER,dlm@email.com,[TESTBROKERAGE] Realty,10/11/2024 8:45am,7/29/2024,9/11/2024,,9/16/2024,10/11/2024,,,
Colorado Real Estate Network (CREN),Pending - MLS,ticketlink.com,D,CO,TESTBROKERAGE,TESTBROKER,Broker-Initiated (MLS Dashboard),Back Office,,rules.com,logo.com,DISCLAIMER,dlm@email.com,[TESTBROKERAGE] Realty,10/11/2024 8:44am,7/31/2024,9/11/2024,,9/20/2024,10/11/2024,,,
Columbus Board of REALTORS (NE),Pending - Broker,ticketlink.com,B,NE,TESTBROKERAGE,TESTBROKER,Broker-Initiated (MLS Request),Back Office,[TESTBROKERAGE]realty.com,rules.com,logo.com,DISCLAIMER,dlm@email.com,[TESTBROKERAGE] Realty,10/1/2024 11:52am,7/31/2024,9/26/2024,,10/1/2024,,,,
Columbus Board of REALTORS (NE),Approved - Complete,ticketlink.com,B,NE,TESTBROKERAGE,TESTBROKER,Broker-Initiated (MLS Request),IDX,[TESTBROKERAGE]realty.com,rules.com,logo.com,DISCLAIMER,dlm@email.com,[TESTBROKERAGE] Realty,11/22/2024 6:08pm,7/30/2024,9/26/2024,,10/1/2024,11/21/2024,,11/22/2024,11/22/2024
Consolidated MLS (Columbia MLS),Pending - Broker,ticketlink.com,C,SC,TESTBROKERAGE,TESTBROKER,Digital Signature (eSign),Back Office,,rules.com,logo.com,DISCLAIMER,dlm@email.com,[TESTBROKERAGE] Realty,10/7/2024 10:10am,7/31/2024,9/16/2024,,10/7/2024,,,,
Consolidated MLS (Columbia MLS),Approved - Complete,ticketlink.com,C,SC,TESTBROKERAGE,TESTBROKER,Digital Signature (eSign),IDX,[TESTBROKERAGE]realty.com,rules.com,logo.com,DISCLAIMER,dlm@email.com,[TESTBROKERAGE] Realty,10/2/2024 10:31am,,,,8/19/2024,9/16/2024,,9/23/2024,10/2/2024
Daytona Beach Area Association of REALTORS,Approved - Complete,ticketlink.com,C,FL,TESTBROKERAGE,TESTBROKER,Digital Signature (Spark),IDX,[TESTBROKERAGE]realty.com,rules.com,logo.com,DISCLAIMER,dlm@email.com,[TESTBROKERAGE] Realty,8/21/2024 9:59am,,,,,,,,8/21/2024
Daytona Beach Area Association of REALTORS,Approved - Complete,ticketlink.com,C,FL,TESTBROKERAGE,TESTBROKER,Digital Signature (Spark),Back Office,,rules.com,logo.com,DISCLAIMER,dlm@email.com,[TESTBROKERAGE] Realty,9/23/2024 11:02am,8/13/2024,9/5/2024,,,,,9/6/2024,9/23/2024
Des Moines Area Association of REALTORS,Approved - Complete,ticketlink.com,B,IA,TESTBROKERAGE,TESTBROKER,Digital Signature (Trestle),IDX,[TESTBROKERAGE]realty.com,rules.com,logo.com,DISCLAIMER,dlm@email.com,[TESTBROKERAGE] Realty,9/19/2024 4:25pm,7/29/2024,9/13/2024,,9/13/2024,9/17/2024,,9/18/2024,9/19/2024
Des Moines Area Association of REALTORS,Approved - Complete,ticketlink.com,B,IA,TESTBROKERAGE,TESTBROKER,Digital Signature (Trestle),Back Office,,rules.com,logo.com,DISCLAIMER,dlm@email.com,[TESTBROKERAGE] Realty,9/25/2024 11:06am,7/31/2024,9/13/2024,,9/13/2024,,,9/24/2024,9/25/2024
Dixie Gilchrist Levy Counties Board of REALTORS,Pending - MLS,ticketlink.com,C,FL,TESTBROKERAGE,TESTBROKER,Digital Signature (eSign),IDX,[TESTBROKERAGE]realty.com,rules.com,logo.com,DISCLAIMER,dlm@email.com,[TESTBROKERAGE] Realty,11/6/2024 12:05pm,7/30/2024,10/21/2024,,10/28/2024,11/6/2024,,,
Dixie Gilchrist Levy Counties Board of REALTORS,Pending - MLS,ticketlink.com,C,FL,TESTBROKERAGE,TESTBROKER,Digital Signature (eSign),Back Office,,rules.com,logo.com,DISCLAIMER,dlm@email.com,[TESTBROKERAGE] Realty,11/6/2024 12:05pm,7/31/2024,10/21/2024,,10/28/2024,11/6/2024,,,
East Central Iowa Association of REALTORS,Approved - Complete,ticketlink.com,B,IA,TESTBROKERAGE,TESTBROKER,Digital Signature (eSign),IDX,[TESTBROKERAGE]realty.com,rules.com,logo.com,DISCLAIMER,dlm@email.com,[TESTBROKERAGE] Realty,11/21/2024 1:48pm,,,,9/24/2024,11/20/2024,,11/21/2024,11/21/2024
East Central Iowa Association of REALTORS,Approved - Complete,ticketlink.com,B,IA,TESTBROKERAGE,TESTBROKER,Digital Signature (eSign),Back Office,,rules.com,logo.com,DISCLAIMER,dlm@email.com,[TESTBROKERAGE] Realty,11/21/2024 1:34pm,7/31/2024,9/5/2024,,9/13/2024,11/20/2024,,11/21/2024,11/21/2024
East Tennessee REALTORS MLS (Knoxville),Pending - Broker,ticketlink.com,C,TN,TESTBROKERAGE,TESTBROKER,Digital Signature (Spark),IDX,[TESTBROKERAGE]realty.com,rules.com,logo.com,DISCLAIMER,dlm@email.com,[TESTBROKERAGE] Realty,12/13/2024 4:22pm,,,,12/13/2024,12/10/2024,,,
East Tennessee REALTORS MLS (Knoxville),Approved - Complete,ticketlink.com,C,TN,TESTBROKERAGE,TESTBROKER,Digital Signature (Spark),Back Office,,rules.com,logo.com,DISCLAIMER,dlm@email.com,[TESTBROKERAGE] Realty,11/19/2024 10:12am,,,,8/22/2024,8/30/2024,,10/28/2024,11/19/2024
Eastern Shore Association of REALTORS,New,ticketlink.com,A,VA,TESTBROKERAGE,TESTBROKER,Automatic,Back Office,,rules.com,logo.com,DISCLAIMER,dlm@email.com,[TESTBROKERAGE] Realty,7/31/2024 9:55am,7/31/2024,,,,,,,
Eastern Shore Association of REALTORS,Approved - Complete,ticketlink.com,A,VA,TESTBROKERAGE,TESTBROKER,Automatic,IDX,[TESTBROKERAGE]realty.com,rules.com,logo.com,DISCLAIMER,dlm@email.com,[TESTBROKERAGE] Realty,11/6/2024 9:17am,7/29/2024,10/23/2024,,,10/23/2024,,10/29/2024,11/6/2024
Emerald Coast Association of REALTORS,Pending - Broker,ticketlink.com,C,FL,TESTBROKERAGE,TESTBROKER,Broker-Initiated (MLS Dashboard),Back Office,,rules.com,logo.com,DISCLAIMER,dlm@email.com,[TESTBROKERAGE] Realty,9/16/2024 1:28pm,7/31/2024,8/27/2024,,9/16/2024,8/29/2024,,,
Emerald Coast Association of REALTORS,Approved - Complete,ticketlink.com,C,FL,TESTBROKERAGE,TESTBROKER,Broker-Initiated (MLS Dashboard),IDX,[TESTBROKERAGE]realty.com,rules.com,logo.com,DISCLAIMER,dlm@email.com,[TESTBROKERAGE] Realty,8/21/2024 9:59am,,,,,,,,8/21/2024
FargoMoorhead Area Association of REALTORS,Pending - MLS,ticketlink.com,B,ND,TESTBROKERAGE,TESTBROKER,Digital Signature (Spark),IDX,[TESTBROKERAGE]realty.com,rules.com,logo.com,DISCLAIMER,dlm@email.com,[TESTBROKERAGE] Realty,12/6/2024 1:39pm,7/30/2024,9/26/2024,12/6/2024,10/1/2024,12/6/2024,,,
FargoMoorhead Area Association of REALTORS,Pending - MLS,ticketlink.com,B,ND,TESTBROKERAGE,TESTBROKER,Digital Signature (Spark),Back Office,[TESTBROKERAGE]realty.com,rules.com,logo.com,DISCLAIMER,dlm@email.com,[TESTBROKERAGE] Realty,12/6/2024 1:39pm,7/31/2024,9/26/2024,,10/1/2024,12/6/2024,,,
First Multiple Listing Service (FMLS),Pending - Broker,ticketlink.com,C,GA,TESTBROKERAGE,TESTBROKER,Broker-Initiated (MLS Dashboard),Back Office,[TESTBROKERAGE]realty.com,rules.com,logo.com,DISCLAIMER,dlm@email.com,[TESTBROKERAGE] Realty,10/2/2024 10:18am,7/31/2024,9/26/2024,,10/2/2024,,,,
First Multiple Listing Service (FMLS),Approved - Complete,ticketlink.com,C,GA,TESTBROKERAGE,TESTBROKER,Broker-Initiated (MLS Dashboard),IDX,[TESTBROKERAGE]realty.com,rules.com,logo.com,DISCLAIMER,dlm@email.com,[TESTBROKERAGE] Realty,10/24/2024 10:58am,7/29/2024,9/26/2024,,10/2/2024,10/16/2024,,10/18/2024,10/24/2024
Florida Gulf Coast Multiple Listing Service,Approved - Complete,ticketlink.com,C,FL,TESTBROKERAGE,TESTBROKER,Digital Signature (Trestle),IDX,[TESTBROKERAGE]realty.com,rules.com,logo.com,DISCLAIMER,dlm@email.com,[TESTBROKERAGE] Realty,8/28/2024 9:34am,,,,,,,8/23/2024,8/28/2024
Florida Gulf Coast Multiple Listing Service,Approved - Complete,ticketlink.com,C,FL,TESTBROKERAGE,TESTBROKER,Digital Signature (Trestle),Back Office,,rules.com,logo.com,DISCLAIMER,dlm@email.com,[TESTBROKERAGE] Realty,9/23/2024 11:00am,7/31/2024,8/27/2024,,8/28/2024,,,8/29/2024,9/23/2024
Fort Dodge MLS,New,ticketlink.com,B,IA,TESTBROKERAGE,TESTBROKER,CWS Request,Back Office,,rules.com,logo.com,DISCLAIMER,dlm@email.com,[TESTBROKERAGE] Realty,7/31/2024 9:55am,7/31/2024,,,,,,,
Fort Dodge MLS,Approved - Complete,ticketlink.com,B,IA,TESTBROKERAGE,TESTBROKER,CWS Request,IDX,[TESTBROKERAGE]realty.com,rules.com,logo.com,DISCLAIMER,dlm@email.com,[TESTBROKERAGE] Realty,11/27/2024 4:03pm,7/29/2024,9/25/2024,10/9/2024,,11/21/2024,,11/26/2024,11/27/2024
Fresno MLS,Approved - Complete,ticketlink.com,D,CA,TESTBROKERAGE,TESTBROKER,Digital Signature (eSign),IDX,[TESTBROKERAGE]realty.com,rules.com,logo.com,DISCLAIMER,dlm@email.com,[TESTBROKERAGE] Realty,9/13/2024 8:23am,,,,,8/22/2024,,9/9/2024,9/13/2024
Fresno MLS,Approved - Complete,ticketlink.com,D,CA,TESTBROKERAGE,TESTBROKER,Digital Signature (eSign),Back Office,,rules.com,logo.com,DISCLAIMER,dlm@email.com,[TESTBROKERAGE] Realty,9/25/2024 11:05am,7/31/2024,9/16/2024,,,9/19/2024,,9/19/2024,9/25/2024
Garden State MLS,New,ticketlink.com,A,NJ,TESTBROKERAGE,TESTBROKER,Broker-Initiated (MLS Dashboard),Back Office,,rules.com,logo.com,DISCLAIMER,dlm@email.com,[TESTBROKERAGE] Realty,7/31/2024 9:55am,7/31/2024,,,,,,,
Garden State MLS,Approved - Complete,ticketlink.com,A,NJ,TESTBROKERAGE,TESTBROKER,Broker-Initiated (MLS Dashboard),IDX,[TESTBROKERAGE]realty.com,rules.com,logo.com,DISCLAIMER,dlm@email.com,[TESTBROKERAGE] Realty,8/20/2024 1:13pm,,,,,,,,8/20/2024
Georgia MLS,Approved - Complete,ticketlink.com,C,GA,TESTBROKERAGE,TESTBROKER,Digital Signature (eSign),IDX,[TESTBROKERAGE]realty.com,rules.com,logo.com,DISCLAIMER,dlm@email.com,[TESTBROKERAGE] Realty,11/15/2024 1:55pm,7/29/2024,9/26/2024,,10/15/2024,11/14/2024,,11/14/2024,11/15/2024
Georgia MLS,Approved - Complete,ticketlink.com,C,GA,TESTBROKERAGE,TESTBROKER,Digital Signature (eSign),Back Office,[TESTBROKERAGE]realty.com,rules.com,logo.com,DISCLAIMER,dlm@email.com,[TESTBROKERAGE] Realty,11/19/2024 10:22am,7/31/2024,9/26/2024,,10/15/2024,11/14/2024,,11/14/2024,11/19/2024
Grand Forks Area Association of REALTORS,Approved - Complete,ticketlink.com,B,ND,TESTBROKERAGE,TESTBROKER,Digital Signature (Spark),IDX,[TESTBROKERAGE]realty.com,rules.com,logo.com,DISCLAIMER,dlm@email.com,[TESTBROKERAGE] Realty,11/14/2024 10:28am,7/30/2024,9/26/2024,,10/16/2024,11/12/2024,,11/13/2024,11/14/2024
Grand Forks Area Association of REALTORS,Approved - Complete,ticketlink.com,B,ND,TESTBROKERAGE,TESTBROKER,Digital Signature (Spark),Back Office,[TESTBROKERAGE]realty.com,rules.com,logo.com,DISCLAIMER,dlm@email.com,[TESTBROKERAGE] Realty,11/28/2024 10:31am,7/31/2024,9/26/2024,,10/9/2024,11/12/2024,,11/13/2024,11/28/2024
Great North MLS,Approved - Provisioning,ticketlink.com,B,ND,TESTBROKERAGE,TESTBROKER,Digital Signature (Spark),Back Office,[TESTBROKERAGE]realty.com,rules.com,logo.com,DISCLAIMER,dlm@email.com,[TESTBROKERAGE] Realty,12/9/2024 1:14pm,7/31/2024,9/26/2024,,10/1/2024,,,12/9/2024,
Great North MLS,Approved - Complete,ticketlink.com,B,ND,TESTBROKERAGE,TESTBROKER,Digital Signature (Spark),IDX,[TESTBROKERAGE]realty.com,rules.com,logo.com,DISCLAIMER,dlm@email.com,[TESTBROKERAGE] Realty,12/12/2024 11:21am,7/29/2024,9/26/2024,,9/26/2024,,,12/3/2024,12/12/2024
Great Plains Regional MLS,Approved - Complete,ticketlink.com,B,NE,TESTBROKERAGE,TESTBROKER,Broker-Initiated (MLS Request),IDX,[TESTBROKERAGE]realty.com,rules.com,logo.com,DISCLAIMER,dlm@email.com,[TESTBROKERAGE] Realty,12/3/2024 12:32pm,7/29/2024,11/6/2024,,11/6/2024,,,11/29/2024,12/3/2024
Great Plains Regional MLS,Approved - Complete,ticketlink.com,B,NE,TESTBROKERAGE,TESTBROKER,Broker-Initiated (MLS Request),Back Office,,rules.com,logo.com,DISCLAIMER,dlm@email.com,[TESTBROKERAGE] Realty,12/3/2024 11:34am,7/31/2024,11/6/2024,,11/6/2024,,,11/29/2024,12/3/2024
Great Smoky Mountains Association of REALTORS,Approved - Complete,ticketlink.com,C,TN,TESTBROKERAGE,TESTBROKER,Digital Signature (Spark),IDX,[TESTBROKERAGE]realty.com,rules.com,logo.com,DISCLAIMER,dlm@email.com,[TESTBROKERAGE] Realty,9/16/2024 12:16pm,,,8/29/2024,8/30/2024,,,9/10/2024,9/16/2024
Great Smoky Mountains Association of REALTORS,Approved - Complete,ticketlink.com,C,TN,TESTBROKERAGE,TESTBROKER,Digital Signature (Spark),Back Office,,rules.com,logo.com,DISCLAIMER,dlm@email.com,[TESTBROKERAGE] Realty,9/23/2024 11:03am,7/31/2024,9/16/2024,,,,,9/19/2024,9/23/2024
Greater Alabama MLS,Pending - MLS,ticketlink.com,C,AL,TESTBROKERAGE,TESTBROKER,Digital Signature (eSign),Back Office,,rules.com,logo.com,DISCLAIMER,dlm@email.com,[TESTBROKERAGE] Realty,11/6/2024 10:50am,7/31/2024,9/5/2024,,,11/6/2024,,,
Greater Alabama MLS,Approved - Complete,ticketlink.com,C,AL,TESTBROKERAGE,TESTBROKER,Digital Signature (eSign),IDX,[TESTBROKERAGE]realty.com,rules.com,logo.com,DISCLAIMER,dlm@email.com,[TESTBROKERAGE] Realty,8/30/2024 9:25am,,,,,8/26/2024,,8/29/2024,8/30/2024
Greater Antelope Valley Association of REALTORS,Pending - Broker,ticketlink.com,D,CA,TESTBROKERAGE,TESTBROKER,Digital Signature (Spark),Back Office,,rules.com,logo.com,DISCLAIMER,dlm@email.com,[TESTBROKERAGE] Realty,11/6/2024 9:45am,7/31/2024,11/5/2024,,11/6/2024,,,,
Greater Antelope Valley Association of REALTORS,Approved - Complete,ticketlink.com,D,CA,TESTBROKERAGE,TESTBROKER,Digital Signature (Spark),IDX,[TESTBROKERAGE]realty.com,rules.com,logo.com,DISCLAIMER,dlm@email.com,[TESTBROKERAGE] Realty,11/21/2024 10:04am,7/29/2024,11/5/2024,,11/6/2024,,,11/20/2024,11/21/2024
Greater Baton Rouge Association of REALTORS,Approved - Complete,ticketlink.com,C,LA,TESTBROKERAGE,TESTBROKER,Broker-Initiated (BAM),IDX,[TESTBROKERAGE]realty.com,rules.com,logo.com,DISCLAIMER,dlm@email.com,[TESTBROKERAGE] Realty,10/15/2024 10:32pm,7/29/2024,9/26/2024,,,,,10/7/2024,10/16/2024
Greater Baton Rouge Association of REALTORS,Approved - Complete,ticketlink.com,C,LA,TESTBROKERAGE,TESTBROKER,Broker-Initiated (BAM),Back Office,[TESTBROKERAGE]realty.com,rules.com,logo.com,DISCLAIMER,dlm@email.com,[TESTBROKERAGE] Realty,10/15/2024 10:32pm,7/31/2024,9/26/2024,,,,,10/7/2024,10/16/2024
Greater Binghamton Association of REALTORS,Approved - Complete,ticketlink.com,A,NY,TESTBROKERAGE,TESTBROKER,Digital Signature (Trestle),IDX,[TESTBROKERAGE]realty.com,rules.com,logo.com,DISCLAIMER,dlm@email.com,[TESTBROKERAGE] Realty,11/6/2024 9:18am,7/30/2024,10/21/2024,,10/22/2024,,,10/24/2024,11/6/2024
Greater Binghamton Association of REALTORS,Approved - Complete,ticketlink.com,A,NY,TESTBROKERAGE,TESTBROKER,Digital Signature (Trestle),VOW,,rules.com,logo.com,DISCLAIMER,dlm@email.com,[TESTBROKERAGE] Realty,11/11/2024 5:50pm,7/31/2024,10/21/2024,,10/22/2024,,,,11/11/2024
Greater Chattanooga REALTORS,Pending - Broker,ticketlink.com,C,TN,TESTBROKERAGE,TESTBROKER,Digital Signature (Spark),Back Office,,rules.com,logo.com,DISCLAIMER,dlm@email.com,[TESTBROKERAGE] Realty,10/22/2024 9:10am,7/31/2024,10/21/2024,,10/22/2024,,,,
Greater Chattanooga REALTORS,Approved - Complete,ticketlink.com,C,TN,TESTBROKERAGE,TESTBROKER,Digital Signature (Spark),IDX,[TESTBROKERAGE]realty.com,rules.com,logo.com,DISCLAIMER,dlm@email.com,[TESTBROKERAGE] Realty,11/6/2024 9:46am,7/30/2024,10/21/2024,,10/22/2024,,,11/1/2024,11/6/2024
Greater El Paso Association of REALTORS,Approved - Complete,ticketlink.com,D,TX,TESTBROKERAGE,TESTBROKER,Digital Signature (Spark),IDX,[TESTBROKERAGE]realty.com,rules.com,logo.com,DISCLAIMER,dlm@email.com,[TESTBROKERAGE] Realty,10/24/2024 9:21am,7/30/2024,10/16/2024,,10/18/2024,10/18/2024,,10/18/2024,10/24/2024
Greater El Paso Association of REALTORS,Approved - Complete,ticketlink.com,D,TX,TESTBROKERAGE,TESTBROKER,Digital Signature (Spark),Back Office,[TESTBROKERAGE]realty.com,rules.com,logo.com,DISCLAIMER,dlm@email.com,[TESTBROKERAGE] Realty,10/30/2024 10:40am,7/31/2024,10/16/2024,,10/18/2024,10/18/2024,,10/18/2024,10/30/2024
Greater Fort Polk Area REALTORS,Approved - Provisioning,ticketlink.com,C,LA,TESTBROKERAGE,TESTBROKER,Digital Signature (eSign),IDX,[TESTBROKERAGE]realty.com,rules.com,logo.com,DISCLAIMER,dlm@email.com,[TESTBROKERAGE] Realty,12/13/2024 12:36pm,12/5/2024,12/5/2024,11/6/2024,,12/5/2024,,12/13/2024,
Greater Fort Polk Area REALTORS,Approved - Provisioning,ticketlink.com,C,LA,TESTBROKERAGE,TESTBROKER,Digital Signature (eSign),Back Office,,rules.com,logo.com,DISCLAIMER,dlm@email.com,[TESTBROKERAGE] Realty,12/13/2024 12:39pm,7/31/2024,12/13/2024,,,,,12/13/2024,
Greater Greenville Association of REALTORS,Approved - Provisioning,ticketlink.com,C,SC,TESTBROKERAGE,TESTBROKER,Broker-Initiated (PAM),IDX,[TESTBROKERAGE]realty.com,rules.com,logo.com,DISCLAIMER,dlm@email.com,[TESTBROKERAGE] Realty,12/13/2024 10:00am,7/29/2024,9/16/2024,,9/17/2024,,,12/13/2024,
Greater Greenville Association of REALTORS,Approved - Complete,ticketlink.com,C,SC,TESTBROKERAGE,TESTBROKER,Broker-Initiated (PAM),Back Office,[TESTBROKERAGE]realty.com,rules.com,logo.com,DISCLAIMER,dlm@email.com,[TESTBROKERAGE] Realty,9/23/2024 11:01am,7/31/2024,,,,9/13/2024,,9/16/2024,9/23/2024
Greater Lansing Association of REALTORS,Ready for Compliance,ticketlink.com,A,MI,TESTBROKERAGE,TESTBROKER,Digital Signature (eSign),Back Office,,rules.com,logo.com,DISCLAIMER,dlm@email.com,[TESTBROKERAGE] Realty,9/18/2024 4:14pm,7/31/2024,9/18/2024,,,,,9/17/2024,9/19/2024
Greater Lansing Association of REALTORS,Approved - Complete,ticketlink.com,A,MI,TESTBROKERAGE,TESTBROKER,Digital Signature (eSign),IDX,[TESTBROKERAGE]realty.com,rules.com,logo.com,DISCLAIMER,dlm@email.com,[TESTBROKERAGE] Realty,9/19/2024 6:16pm,,,,8/16/2024,9/4/2024,,9/17/2024,9/19/2024
Greater Louisville Association of REALTORS,Approved - Complete,ticketlink.com,A,KY,TESTBROKERAGE,TESTBROKER,Digital Signature (Spark),IDX,[TESTBROKERAGE]realty.com,rules.com,logo.com,DISCLAIMER,dlm@email.com,[TESTBROKERAGE] Realty,9/19/2024 6:16pm,,,,8/13/2024,,,8/26/2024,9/17/2024
Greater Louisville Association of REALTORS,Approved - Complete,ticketlink.com,A,KY,TESTBROKERAGE,TESTBROKER,Digital Signature (Spark),Back Office,,rules.com,logo.com,DISCLAIMER,dlm@email.com,[TESTBROKERAGE] Realty,9/17/2024 1:45pm,,,,,,,10/2/2024,10/2/2024
Greater Northwoods MLS,Approved - Provisioning,ticketlink.com,A,WI,TESTBROKERAGE,TESTBROKER,Digital Signature (Trestle),Back Office,[TESTBROKERAGE]realty.com,rules.com,logo.com,DISCLAIMER,dlm@email.com,[TESTBROKERAGE] Realty,10/2/2024 9:46am,8/7/2024,9/26/2024,,9/26/2024,,,9/26/2024,10/2/2024
Greater Northwoods MLS,Approved - Complete,ticketlink.com,A,WI,TESTBROKERAGE,TESTBROKER,Digital Signature (Trestle),IDX,[TESTBROKERAGE]realty.com,rules.com,logo.com,DISCLAIMER,dlm@email.com,[TESTBROKERAGE] Realty,10/2/2024 9:44am,8/7/2024,9/26/2024,,9/26/2024,,,10/22/2024,10/24/2024
Greater Scranton Board of REALTORS,Approved - Complete,ticketlink.com,A,PA,TESTBROKERAGE,TESTBROKER,Digital Signature (MLS Grid),IDX,[TESTBROKERAGE]realty.com,rules.com,logo.com,DISCLAIMER,dlm@email.com,[TESTBROKERAGE] Realty,10/24/2024 9:44am,7/29/2024,10/21/2024,,10/22/2024,,,11/1/2024,11/11/2024
Greater Scranton Board of REALTORS,Approved - Complete,ticketlink.com,A,PA,TESTBROKERAGE,TESTBROKER,Digital Signature (MLS Grid),Back Office,,rules.com,logo.com,DISCLAIMER,dlm@email.com,[TESTBROKERAGE] Realty,11/11/2024 6:29pm,7/31/2024,10/21/2024,,10/22/2024,,,12/13/2024,
Greater Southern MLS,Approved - Provisioning,ticketlink.com,C,LA,TESTBROKERAGE,TESTBROKER,Digital Signature (Trestle),IDX,[TESTBROKERAGE]realty.com,rules.com,logo.com,DISCLAIMER,dlm@email.com,[TESTBROKERAGE] Realty,12/13/2024 10:16am,7/29/2024,12/5/2024,11/6/2024,12/5/2024,12/9/2024,,12/13/2024,
Greater Southern MLS,Approved - Provisioning,ticketlink.com,C,LA,TESTBROKERAGE,TESTBROKER,Digital Signature (Trestle),Back Office,,rules.com,logo.com,DISCLAIMER,dlm@email.com,[TESTBROKERAGE] Realty,12/13/2024 10:16am,7/31/2024,12/5/2024,11/6/2024,12/5/2024,,,,
Greater Tyler Association of REALTORS,Pending - Broker,ticketlink.com,D,TX,TESTBROKERAGE,TESTBROKER,Digital Signature (eSign),Back Office,,rules.com,logo.com,DISCLAIMER,dlm@email.com,[TESTBROKERAGE] Realty,12/9/2024 2:44pm,7/31/2024,12/6/2024,,12/9/2024,12/6/2024,,12/9/2024,12/12/2024
Greater Tyler Association of REALTORS,Approved - Complete,ticketlink.com,D,TX,TESTBROKERAGE,TESTBROKER,Digital Signature (eSign),IDX,[TESTBROKERAGE]realty.com,rules.com,logo.com,DISCLAIMER,dlm@email.com,[TESTBROKERAGE] Realty,12/12/2024 11:27am,7/30/2024,10/21/2024,,10/21/2024,12/6/2024,,,
Gulf Coast MLS (Mobile Area Association of REALTORS),New,ticketlink.com,C,AL,TESTBROKERAGE,TESTBROKER,Broker-Initiated (BAM),Back Office,,rules.com,logo.com,DISCLAIMER,dlm@email.com,[TESTBROKERAGE] Realty,7/31/2024 9:55am,7/31/2024,,,,,,11/12/2024,11/15/2024
Gulf Coast MLS (Mobile Area Association of REALTORS),Approved - Complete,ticketlink.com,C,AL,TESTBROKERAGE,TESTBROKER,Broker-Initiated (BAM),IDX,[TESTBROKERAGE]realty.com,rules.com,logo.com,DISCLAIMER,dlm@email.com,[TESTBROKERAGE] Realty,11/15/2024 1:56pm,7/30/2024,9/16/2024,,10/7/2024,,,,
Gulf South Real Estate Information Network (GSREIN),Pending - Broker,ticketlink.com,C,LA,TESTBROKERAGE,TESTBROKER,Digital Signature (Trestle),Back Office,[TESTBROKERAGE]realty.com,rules.com,logo.com,DISCLAIMER,dlm@email.com,[TESTBROKERAGE] Realty,10/9/2024 3:04pm,7/31/2024,9/26/2024,,10/9/2024,,,,
Gulf South Real Estate Information Network (GSREIN),Pending - MLS,ticketlink.com,C,LA,TESTBROKERAGE,TESTBROKER,Digital Signature (Trestle),IDX,[TESTBROKERAGE]realty.com,rules.com,logo.com,DISCLAIMER,dlm@email.com,[TESTBROKERAGE] Realty,11/27/2024 3:26pm,7/29/2024,9/26/2024,,10/9/2024,11/27/2024,,12/13/2024,
Hattiesburg Area Association of REALTORS,Approved - Provisioning,ticketlink.com,C,MS,TESTBROKERAGE,TESTBROKER,Digital Signature (Spark),IDX,[TESTBROKERAGE]realty.com,rules.com,logo.com,DISCLAIMER,dlm@email.com,[TESTBROKERAGE] Realty,12/13/2024 9:59am,7/29/2024,10/16/2024,,10/25/2024,,,12/12/2024,
Hattiesburg Area Association of REALTORS,Approved - Provisioning,ticketlink.com,C,MS,TESTBROKERAGE,TESTBROKER,Digital Signature (Spark),Back Office,[TESTBROKERAGE]realty.com,rules.com,logo.com,DISCLAIMER,dlm@email.com,[TESTBROKERAGE] Realty,12/12/2024 3:25pm,7/31/2024,10/16/2024,,10/25/2024,,,,
Heart of Kentucky Association of REALTORS,Pending - MLS,ticketlink.com,A,KY,TESTBROKERAGE,TESTBROKER,Digital Signature (eSign),Back Office,[TESTBROKERAGE]realty.com,rules.com,logo.com,DISCLAIMER,dlm@email.com,[TESTBROKERAGE] Realty,9/25/2024 12:33pm,7/31/2024,9/11/2024,9/25/2024,,9/25/2024,,10/15/2024,10/16/2024
Heart of Kentucky Association of REALTORS,Approved - Complete,ticketlink.com,A,KY,TESTBROKERAGE,TESTBROKER,Digital Signature (eSign),IDX,[TESTBROKERAGE]realty.com,rules.com,logo.com,DISCLAIMER,dlm@email.com,[TESTBROKERAGE] Realty,10/16/2024 11:14am,7/29/2024,9/11/2024,,9/25/2024,10/14/2024,,,
Heartland MLS,Pending - Broker,ticketlink.com,D,KS,TESTBROKERAGE,TESTBROKER,Digital Signature (MLS Grid),Back Office,[TESTBROKERAGE]realty.com,rules.com,logo.com,DISCLAIMER,dlm@email.com,[TESTBROKERAGE] Realty,10/21/2024 4:32pm,7/31/2024,10/21/2024,,10/21/2024,,,11/1/2024,11/12/2024
Heartland MLS,Approved - Complete,ticketlink.com,D,KS,TESTBROKERAGE,TESTBROKER,Digital Signature (MLS Grid),IDX,[TESTBROKERAGE]realty.com,rules.com,logo.com,DISCLAIMER,dlm@email.com,[TESTBROKERAGE] Realty,11/12/2024 9:14am,7/29/2024,10/21/2024,,10/21/2024,,,11/26/2024,11/27/2024
Hernando County Association of REALTORS,Approved - Complete,ticketlink.com,C,FL,TESTBROKERAGE,TESTBROKER,Digital Signature (Spark),IDX,[TESTBROKERAGE]realty.com,rules.com,logo.com,DISCLAIMER,dlm@email.com,[TESTBROKERAGE] Realty,11/27/2024 4:03pm,7/29/2024,11/8/2024,,11/21/2024,,,,
Hernando County Association of REALTORS,Approved - Complete,ticketlink.com,C,FL,TESTBROKERAGE,TESTBROKER,Digital Signature (Spark),Back Office,,rules.com,logo.com,DISCLAIMER,dlm@email.com,[TESTBROKERAGE] Realty,11/29/2024 9:12am,7/31/2024,11/8/2024,,11/21/2024,,,11/26/2024,11/29/2024
Hinesville Area Board of REALTORS,Approved - Complete,ticketlink.com,C,GA,TESTBROKERAGE,TESTBROKER,CWS Request,IDX,[TESTBROKERAGE]realty.com,rules.com,logo.com,DISCLAIMER,dlm@email.com,[TESTBROKERAGE] Realty,10/16/2024 10:44am,9/26/2024,9/26/2024,,,10/7/2024,,10/11/2024,10/16/2024
Hinesville Area Board of REALTORS,Approved - Complete,ticketlink.com,C,GA,TESTBROKERAGE,TESTBROKER,CWS Request,Back Office,[TESTBROKERAGE]realty.com,rules.com,logo.com,DISCLAIMER,dlm@email.com,[TESTBROKERAGE] Realty,10/16/2024 10:46am,7/31/2024,9/26/2024,,,10/7/2024,,10/11/2024,10/16/2024
Houston Association of REALTORS,Approved - Complete,ticketlink.com,D,TX,TESTBROKERAGE,TESTBROKER,Automatic,IDX,[TESTBROKERAGE]realty.com,rules.com,logo.com,DISCLAIMER,dlm@email.com,[TESTBROKERAGE] Realty,9/19/2024 1:52pm,7/30/2024,9/11/2024,,,9/11/2024,,9/12/2024,9/19/2024
Houston Association of REALTORS,Approved - Complete,ticketlink.com,D,TX,TESTBROKERAGE,TESTBROKER,Automatic,Back Office,,rules.com,logo.com,DISCLAIMER,dlm@email.com,[TESTBROKERAGE] Realty,9/17/2024 1:24pm,7/31/2024,9/11/2024,,,9/11/2024,,9/12/2024,9/17/2024
Hudson County MLS,Pending - MLS,ticketlink.com,A,NJ,TESTBROKERAGE,TESTBROKER,Digital Signature (eSign),Back Office,[TESTBROKERAGE]realty.com,rules.com,logo.com,DISCLAIMER,dlm@email.com,[TESTBROKERAGE] Realty,9/25/2024 3:21pm,7/31/2024,9/11/2024,,,9/25/2024,,,
Hudson County MLS,Approved - Complete,ticketlink.com,A,NJ,TESTBROKERAGE,TESTBROKER,Digital Signature (eSign),IDX,[TESTBROKERAGE]realty.com,rules.com,logo.com,DISCLAIMER,dlm@email.com,[TESTBROKERAGE] Realty,10/9/2024 11:28am,7/29/2024,9/11/2024,,9/18/2024,,,10/7/2024,10/9/2024
Huron Board of REALTORS,Approved - Provisioning,ticketlink.com,B,SD,TESTBROKERAGE,TESTBROKER,Digital Signature (Spark),Back Office,,rules.com,logo.com,DISCLAIMER,dlm@email.com,,10/24/2024 1:29pm,,10/21/2024,,10/21/2024,10/21/2024,,10/24/2024,
Huron Board of REALTORS,Approved - Complete,ticketlink.com,B,SD,TESTBROKERAGE,TESTBROKER,Digital Signature (Spark),IDX,[TESTBROKERAGE]realty.com,rules.com,logo.com,DISCLAIMER,dlm@email.com,[TESTBROKERAGE] Realty,11/6/2024 10:42am,,10/21/2024,,10/21/2024,10/21/2024,,10/24/2024,11/6/2024
Imagine MLS (Bluegrass REALTORS),Approved - Complete,ticketlink.com,A,KY,TESTBROKERAGE,TESTBROKER,Digital Signature (Spark),IDX,[TESTBROKERAGE]realty.com,rules.com,logo.com,DISCLAIMER,dlm@email.com,[TESTBROKERAGE] Realty,9/19/2024 6:15pm,,,,8/13/2024,9/16/2024,,9/16/2024,9/19/2024
Imagine MLS (Bluegrass REALTORS),Approved - Complete,ticketlink.com,A,KY,TESTBROKERAGE,TESTBROKER,Digital Signature (Spark),Back Office,[TESTBROKERAGE]realty.com,rules.com,logo.com,DISCLAIMER,dlm@email.com,[TESTBROKERAGE] Realty,11/27/2024 2:27pm,7/31/2024,9/18/2024,,9/18/2024,,,10/2/2024,11/27/2024
Imperial County Association of REALTORS,Approved - Complete,ticketlink.com,D,CA,TESTBROKERAGE,TESTBROKER,Digital Signature (eSign),IDX,[TESTBROKERAGE]realty.com,rules.com,logo.com,DISCLAIMER,dlm@email.com,[TESTBROKERAGE] Realty,11/12/2024 9:23am,7/30/2024,10/21/2024,,10/21/2024,11/1/2024,,11/6/2024,11/12/2024
Imperial County Association of REALTORS,Approved - Complete,ticketlink.com,D,CA,TESTBROKERAGE,TESTBROKER,Digital Signature (eSign),Back Office,[TESTBROKERAGE]realty.com,rules.com,logo.com,DISCLAIMER,dlm@email.com,[TESTBROKERAGE] Realty,11/12/2024 9:25am,7/31/2024,10/21/2024,,10/22/2024,11/1/2024,,11/6/2024,11/12/2024
Iowa City Area Association of REALTORS,Approved - Complete,ticketlink.com,B,IA,TESTBROKERAGE,TESTBROKER,Automatic,IDX,[TESTBROKERAGE]realty.com,rules.com,logo.com,DISCLAIMER,dlm@email.com,[TESTBROKERAGE] Realty,11/6/2024 9:52am,7/29/2024,9/26/2024,,10/2/2024,10/22/2024,,10/31/2024,11/6/2024
Iowa City Area Association of REALTORS,Approved - Complete,ticketlink.com,B,IA,TESTBROKERAGE,TESTBROKER,Automatic,Back Office,[TESTBROKERAGE]realty.com,rules.com,logo.com,DISCLAIMER,dlm@email.com,[TESTBROKERAGE] Realty,11/12/2024 10:47am,7/31/2024,9/26/2024,,,10/2/2024,,11/6/2024,11/12/2024
Iowa Great Lakes Board of REALTORS,Approved - Complete,ticketlink.com,B,IA,TESTBROKERAGE,TESTBROKER,Digital Signature (eSign),IDX,[TESTBROKERAGE]realty.com,rules.com,logo.com,DISCLAIMER,dlm@email.com,[TESTBROKERAGE] Realty,10/9/2024 10:37am,7/29/2024,9/26/2024,,10/2/2024,10/2/2024,,10/4/2024,10/9/2024
Iowa Great Lakes Board of REALTORS,Approved - Complete,ticketlink.com,B,IA,TESTBROKERAGE,TESTBROKER,Digital Signature (eSign),Back Office,[TESTBROKERAGE]realty.com,rules.com,logo.com,DISCLAIMER,dlm@email.com,[TESTBROKERAGE] Realty,10/9/2024 11:15am,7/31/2024,9/26/2024,,,10/2/2024,,,10/9/2024
Iron County Board of REALTORS,Cancelled,ticketlink.com,D,UT,TESTBROKERAGE,TESTBROKER,Digital Signature (Spark),IDX,[TESTBROKERAGE]realty.com,rules.com,logo.com,DISCLAIMER,dlm@email.com,[TESTBROKERAGE] Realty,10/1/2024 1:24pm,7/29/2024,9/30/2024,,9/30/2024,,,,
Iron County Board of REALTORS,Cancelled,ticketlink.com,D,UT,TESTBROKERAGE,TESTBROKER,Digital Signature (Spark),Back Office,[TESTBROKERAGE]realty.com,rules.com,logo.com,DISCLAIMER,dlm@email.com,[TESTBROKERAGE] Realty,10/1/2024 1:25pm,7/31/2024,9/30/2024,,9/30/2024,,,,
Lake Martin Area Association of REALTORS,Approved - Complete,ticketlink.com,C,AL,TESTBROKERAGE,TESTBROKER,Digital Signature (Spark),IDX,,rules.com,logo.com,DISCLAIMER,dlm@email.com,[TESTBROKERAGE] Realty,9/5/2024 9:40am,,,,,,,8/22/2024,9/5/2024
Lake Martin Area Association of REALTORS,Approved - Complete,ticketlink.com,C,AL,TESTBROKERAGE,TESTBROKER,Digital Signature (Spark),Back Office,[TESTBROKERAGE]realty.com,rules.com,logo.com,DISCLAIMER,dlm@email.com,[TESTBROKERAGE] Realty,9/23/2024 10:57am,,,,,,,8/22/2024,9/23/2024
Lakeway Area Association of REALTORS,Approved - Complete,ticketlink.com,C,TN,TESTBROKERAGE,TESTBROKER,Digital Signature (Spark),IDX,[TESTBROKERAGE]realty.com,rules.com,logo.com,DISCLAIMER,dlm@email.com,[TESTBROKERAGE] Realty,9/5/2024 9:40am,,,,8/22/2024,,,9/3/2024,9/5/2024
Lakeway Area Association of REALTORS,Approved - Complete,ticketlink.com,C,TN,TESTBROKERAGE,TESTBROKER,Digital Signature (Spark),Back Office,,rules.com,logo.com,DISCLAIMER,dlm@email.com,[TESTBROKERAGE] Realty,10/16/2024 10:47am,7/31/2024,9/16/2024,,10/9/2024,,,10/11/2024,10/16/2024
Laredo Association of REALTORS,Blocked,ticketlink.com,D,TX,TESTBROKERAGE,TESTBROKER,Broker-Initiated (MLS Request),Back Office,[TESTBROKERAGE]realty.com,rules.com,logo.com,DISCLAIMER,dlm@email.com,[TESTBROKERAGE] Realty,11/14/2024 11:12am,7/31/2024,9/30/2024,,9/30/2024,,,11/14/2024,11/15/2024
Laredo Association of REALTORS,Approved - Complete,ticketlink.com,D,TX,TESTBROKERAGE,TESTBROKER,Broker-Initiated (MLS Request),IDX,[TESTBROKERAGE]realty.com,rules.com,logo.com,DISCLAIMER,dlm@email.com,[TESTBROKERAGE] Realty,11/15/2024 1:56pm,7/30/2024,9/30/2024,,9/30/2024,10/10/2024,,10/4/2024,10/9/2024
Las Vegas REALTORS,Approved - Complete,ticketlink.com,D,NV,TESTBROKERAGE,TESTBROKER,Digital Signature (Trestle),IDX,[TESTBROKERAGE]realty.com,rules.com,logo.com,DISCLAIMER,dlm@email.com,[TESTBROKERAGE] Realty,10/9/2024 10:55am,7/30/2024,9/26/2024,,9/26/2024,,,10/4/2024,10/9/2024
Las Vegas REALTORS,Approved - Complete,ticketlink.com,D,NV,TESTBROKERAGE,TESTBROKER,Digital Signature (Trestle),Back Office,[TESTBROKERAGE]realty.com,rules.com,logo.com,DISCLAIMER,dlm@email.com,[TESTBROKERAGE] Realty,10/9/2024 11:18am,7/31/2024,9/26/2024,,9/26/2024,,,8/23/2024,8/28/2024
Lee County Association of REALTORS,Approved - Complete,ticketlink.com,C,AL,TESTBROKERAGE,TESTBROKER,Digital Signature (Trestle),IDX,[TESTBROKERAGE]realty.com,rules.com,logo.com,DISCLAIMER,dlm@email.com,[TESTBROKERAGE] Realty,8/28/2024 9:34am,,,,,,,8/28/2024,9/23/2024
Lee County Association of REALTORS,Approved - Complete,ticketlink.com,C,AL,TESTBROKERAGE,TESTBROKER,Digital Signature (Trestle),Back Office,,rules.com,logo.com,DISCLAIMER,dlm@email.com,[TESTBROKERAGE] Realty,9/23/2024 10:58am,7/31/2024,8/27/2024,,8/28/2024,,,10/1/2024,10/4/2024
Longleaf Pine REALTORS,Approved - Complete,ticketlink.com,C,NC,TESTBROKERAGE,TESTBROKER,Digital Signature (Trestle),IDX,[TESTBROKERAGE]realty.com,rules.com,logo.com,DISCLAIMER,dlm@email.com,[TESTBROKERAGE] Realty,10/4/2024 11:08am,7/29/2024,9/11/2024,,9/23/2024,,,10/11/2024,10/18/2024
Longleaf Pine REALTORS,Approved - Complete,ticketlink.com,C,NC,TESTBROKERAGE,TESTBROKER,Digital Signature (Trestle),Back Office,,rules.com,logo.com,DISCLAIMER,dlm@email.com,[TESTBROKERAGE] Realty,10/18/2024 10:44am,7/31/2024,9/11/2024,,9/23/2024,,,10/23/2024,11/6/2024
Lubbock Association of REALTORS,Approved - Complete,ticketlink.com,D,TX,TESTBROKERAGE,TESTBROKER,Digital Signature (eSign),IDX,[TESTBROKERAGE]realty.com,rules.com,logo.com,DISCLAIMER,dlm@email.com,[TESTBROKERAGE] Realty,11/6/2024 9:58am,7/29/2024,10/21/2024,,10/21/2024,10/22/2024,,10/24/2024,11/12/2024
Lubbock Association of REALTORS,Approved - Complete,ticketlink.com,D,TX,TESTBROKERAGE,TESTBROKER,Digital Signature (eSign),Back Office,,rules.com,logo.com,DISCLAIMER,dlm@email.com,[TESTBROKERAGE] Realty,11/12/2024 9:26am,7/31/2024,10/21/2024,,10/23/2024,10/23/2024,,,
Maine Listings,New,ticketlink.com,A,ME,TESTBROKERAGE,TESTBROKER,Digital Signature (eSign),Back Office,,rules.com,logo.com,DISCLAIMER,dlm@email.com,[TESTBROKERAGE] Realty,7/31/2024 9:55am,7/31/2024,,,,,12/12/2024,,12/12/2024
Maine Listings,Pending - Compliance Mod,ticketlink.com,A,ME,TESTBROKERAGE,TESTBROKER,Digital Signature (eSign),IDX,[TESTBROKERAGE]realty.com,rules.com,logo.com,DISCLAIMER,dlm@email.com,[TESTBROKERAGE] Realty,12/12/2024 1:17pm,,,,8/13/2024,9/25/2024,,,
Marathon and Lower Keys Association of REALTORS,Cancelled,ticketlink.com,C,FL,TESTBROKERAGE,TESTBROKER,Digital Signature (eSign),IDX,[TESTBROKERAGE]realty.com,rules.com,logo.com,DISCLAIMER,dlm@email.com,[TESTBROKERAGE] Realty,12/2/2024 3:56pm,7/29/2024,10/21/2024,,11/5/2024,,,,
Marathon and Lower Keys Association of REALTORS,Cancelled,ticketlink.com,C,FL,TESTBROKERAGE,TESTBROKER,Digital Signature (eSign),Back Office,,rules.com,logo.com,DISCLAIMER,dlm@email.com,[TESTBROKERAGE] Realty,12/2/2024 3:57pm,7/31/2024,10/21/2024,,11/5/2024,,,10/28/2024,11/5/2024
MARIS MLS,Approved - Complete,ticketlink.com,B,MO,TESTBROKERAGE,TESTBROKER,Digital Signature (MLS Grid),IDX,[TESTBROKERAGE]realty.com,rules.com,logo.com,DISCLAIMER,dlm@email.com,[TESTBROKERAGE] Realty,11/5/2024 5:39pm,7/30/2024,9/11/2024,,9/13/2024,,,10/28/2024,11/12/2024
MARIS MLS,Approved - Complete,ticketlink.com,B,MO,TESTBROKERAGE,TESTBROKER,Digital Signature (MLS Grid),Back Office,,rules.com,logo.com,DISCLAIMER,dlm@email.com,[TESTBROKERAGE] Realty,11/12/2024 10:06am,7/31/2024,9/11/2024,,9/13/2024,,,11/12/2024,11/14/2024
Mason City Multiple Listing Service,Approved - Complete,ticketlink.com,B,IA,TESTBROKERAGE,TESTBROKER,Broker-Initiated (MLS Request),IDX,[TESTBROKERAGE]realty.com,rules.com,logo.com,DISCLAIMER,dlm@email.com,[TESTBROKERAGE] Realty,11/14/2024 10:25am,7/30/2024,11/6/2024,,11/6/2024,11/7/2024,,11/12/2024,11/14/2024
Mason City Multiple Listing Service,Approved - Complete,ticketlink.com,B,IA,TESTBROKERAGE,TESTBROKER,Broker-Initiated (MLS Request),Back Office,,rules.com,logo.com,DISCLAIMER,dlm@email.com,[TESTBROKERAGE] Realty,11/14/2024 10:32am,7/31/2024,11/6/2024,,,11/7/2024,,11/12/2024,11/15/2024
Memphis Area Association of REALTORS,Approved - Complete,ticketlink.com,C,TN,TESTBROKERAGE,TESTBROKER,Digital Signature (eSign),IDX,[TESTBROKERAGE]realty.com,rules.com,logo.com,DISCLAIMER,dlm@email.com,[TESTBROKERAGE] Realty,11/15/2024 1:55pm,7/29/2024,10/21/2024,,11/5/2024,11/6/2024,,11/12/2024,11/20/2024
Memphis Area Association of REALTORS,Approved - Complete,ticketlink.com,C,TN,TESTBROKERAGE,TESTBROKER,Digital Signature (eSign),Back Office,,rules.com,logo.com,DISCLAIMER,dlm@email.com,[TESTBROKERAGE] Realty,11/20/2024 9:36am,7/31/2024,10/21/2024,,11/5/2024,11/6/2024,,,
Metro MLS,Pending - Broker,ticketlink.com,A,WI,TESTBROKERAGE,TESTBROKER,Digital Signature (eSign),Back Office,[TESTBROKERAGE]realty.com,rules.com,logo.com,DISCLAIMER,dlm@email.com,[TESTBROKERAGE] Realty,9/18/2024 2:02pm,7/31/2024,9/11/2024,,9/18/2024,,,10/24/2024,11/6/2024
Metro MLS,Approved - Complete,ticketlink.com,A,WI,TESTBROKERAGE,TESTBROKER,Digital Signature (eSign),IDX,[TESTBROKERAGE]realty.com,rules.com,logo.com,DISCLAIMER,dlm@email.com,[TESTBROKERAGE] Realty,11/6/2024 9:20am,7/29/2024,9/11/2024,,9/18/2024,10/16/2024,,,
MetroList,Pending - CWS,ticketlink.com,D,CA,TESTBROKERAGE,TESTBROKER,Digital Signature (eSign),Back Office,,rules.com,logo.com,DISCLAIMER,dlm@email.com,[TESTBROKERAGE] Realty,12/12/2024 1:10pm,7/31/2024,9/16/2024,12/12/2024,9/16/2024,,,,
MetroList,Pending - MLS,ticketlink.com,D,CA,TESTBROKERAGE,TESTBROKER,Digital Signature (eSign),IDX,[TESTBROKERAGE]realty.com,rules.com,logo.com,DISCLAIMER,dlm@email.com,[TESTBROKERAGE] Realty,8/22/2024 9:38am,,,,,8/22/2024,,10/11/2024,10/17/2024
MIAMI REALTORS MLS,Pending - Broker,ticketlink.com,C,FL,TESTBROKERAGE,TESTBROKER,Digital Signature (Trestle),Back Office,,rules.com,logo.com,DISCLAIMER,dlm@email.com,[TESTBROKERAGE] Realty,10/9/2024 4:48pm,7/31/2024,9/16/2024,,10/9/2024,,,,
MIAMI REALTORS MLS,Approved - Complete,ticketlink.com,C,FL,TESTBROKERAGE,TESTBROKER,Digital Signature (Trestle),IDX,[TESTBROKERAGE]realty.com,rules.com,logo.com,DISCLAIMER,dlm@email.com,[TESTBROKERAGE] Realty,10/17/2024 9:55am,,,,,8/23/2024,,,
Michigan Regional Information Center (MichRIC),Pending - MLS,ticketlink.com,A,MI,TESTBROKERAGE,TESTBROKER,Digital Signature (eSign),IDX,[TESTBROKERAGE]realty.com,rules.com,logo.com,DISCLAIMER,dlm@email.com,[TESTBROKERAGE] Realty,11/15/2024 12:45pm,7/30/2024,9/11/2024,,10/7/2024,11/15/2024,,,
Michigan Regional Information Center (MichRIC),Pending - MLS,ticketlink.com,A,MI,TESTBROKERAGE,TESTBROKER,Digital Signature (eSign),Back Office,,rules.com,logo.com,DISCLAIMER,dlm@email.com,[TESTBROKERAGE] Realty,11/15/2024 12:45pm,7/31/2024,9/11/2024,,9/25/2024,11/15/2024,,12/13/2024,
Mid Carolina Regional Association of REALTORS,New,ticketlink.com,C,NC,TESTBROKERAGE,TESTBROKER,Digital Signature (eSign),Back Office,,rules.com,logo.com,DISCLAIMER,dlm@email.com,[TESTBROKERAGE] Realty,7/31/2024 9:55am,7/31/2024,,,,,,9/11/2024,9/12/2024
Mid Carolina Regional Association of REALTORS,Approved - Provisioning,ticketlink.com,C,NC,TESTBROKERAGE,TESTBROKER,Digital Signature (eSign),IDX,[TESTBROKERAGE]realty.com,rules.com,logo.com,DISCLAIMER,dlm@email.com,[TESTBROKERAGE] Realty,12/13/2024 1:37pm,7/30/2024,9/25/2024,12/6/2024,11/6/2024,12/11/2024,,9/11/2024,9/17/2024
Midwest Real Estate Data (MRED),Approved - Complete,ticketlink.com,A,IL,TESTBROKERAGE,TESTBROKER,Digital Signature (MLS Grid),IDX,[TESTBROKERAGE]realty.com,rules.com,logo.com,DISCLAIMER,dlm@email.com,[TESTBROKERAGE] Realty,9/12/2024 11:04am,,,,8/13/2024,9/10/2024,,,
Midwest Real Estate Data (MRED),Approved - Complete,ticketlink.com,A,IL,TESTBROKERAGE,TESTBROKER,Digital Signature (MLS Grid),Back Office,[TESTBROKERAGE]realty.com,rules.com,logo.com,DISCLAIMER,dlm@email.com,[TESTBROKERAGE] Realty,9/17/2024 1:42pm,7/31/2024,,,9/10/2024,,,10/10/2024,10/16/2024
Mitchell Board of REALTORS,Pending - MLS,ticketlink.com,B,SD,TESTBROKERAGE,TESTBROKER,Digital Signature (eSign),Back Office,[TESTBROKERAGE]realty.com,rules.com,logo.com,DISCLAIMER,dlm@email.com,[TESTBROKERAGE] Realty,10/8/2024 4:26pm,7/31/2024,9/30/2024,,,10/8/2024,,9/25/2024,10/2/2024
Mitchell Board of REALTORS,Approved - Complete,ticketlink.com,B,SD,TESTBROKERAGE,TESTBROKER,Digital Signature (eSign),IDX,[TESTBROKERAGE]realty.com,rules.com,logo.com,DISCLAIMER,dlm@email.com,[TESTBROKERAGE] Realty,10/16/2024 10:40am,7/29/2024,9/30/2024,,,10/8/2024,,9/25/2024,9/25/2024
MLS Now,Approved - Complete,ticketlink.com,A,OH,TESTBROKERAGE,TESTBROKER,Digital Signature (Trestle),IDX,[TESTBROKERAGE]realty.com,rules.com,logo.com,DISCLAIMER,dlm@email.com,[TESTBROKERAGE] Realty,10/2/2024 9:43am,7/29/2024,9/11/2024,,9/11/2024,,,,
MLS Now,Approved - Complete,ticketlink.com,A,OH,TESTBROKERAGE,TESTBROKER,Digital Signature (Trestle),Back Office,[TESTBROKERAGE]realty.com,rules.com,logo.com,DISCLAIMER,dlm@email.com,[TESTBROKERAGE] Realty,9/25/2024 1:16pm,7/31/2024,9/11/2024,,9/11/2024,,,,
MLS of Greater Cincinnati (CincyMLS),Cancelled,ticketlink.com,A,OH,TESTBROKERAGE,TESTBROKER,Broker-Initiated (BAM),IDX,[TESTBROKERAGE]realty.com,rules.com,logo.com,DISCLAIMER,dlm@email.com,[TESTBROKERAGE] Realty,9/20/2024 12:14pm,7/30/2024,,,,,,8/30/2024,9/4/2024
MLS of Greater Cincinnati (CincyMLS),Cancelled,ticketlink.com,A,OH,TESTBROKERAGE,TESTBROKER,Broker-Initiated (BAM),Back Office,[TESTBROKERAGE]realty.com,rules.com,logo.com,DISCLAIMER,dlm@email.com,[TESTBROKERAGE] Realty,9/20/2024 12:14pm,7/31/2024,,,,,,9/16/2024,9/19/2024
MLS Property Information Network (MLS PIN),Approved - Complete,ticketlink.com,A,MA,TESTBROKERAGE,TESTBROKER,Automatic,IDX,[TESTBROKERAGE]realty.com,rules.com,logo.com,DISCLAIMER,dlm@email.com,[TESTBROKERAGE] Realty,9/4/2024 6:48pm,,8/21/2024,,,,,10/22/2024,10/24/2024
MLS Property Information Network (MLS PIN),Approved - Complete,ticketlink.com,A,MA,TESTBROKERAGE,TESTBROKER,Automatic,Back Office,[TESTBROKERAGE]realty.com,rules.com,logo.com,DISCLAIMER,dlm@email.com,[TESTBROKERAGE] Realty,9/19/2024 6:37pm,7/31/2024,9/16/2024,,,,,10/22/2024,10/30/2024
MLS Technology,Approved - Complete,ticketlink.com,D,OK,TESTBROKERAGE,TESTBROKER,Digital Signature (Trestle),IDX,[TESTBROKERAGE]realty.com,rules.com,logo.com,DISCLAIMER,dlm@email.com,[TESTBROKERAGE] Realty,10/24/2024 9:24am,7/30/2024,9/30/2024,,9/30/2024,,,,
MLS Technology,Approved - Complete,ticketlink.com,D,OK,TESTBROKERAGE,TESTBROKER,Digital Signature (Trestle),Back Office,[TESTBROKERAGE]realty.com,rules.com,logo.com,DISCLAIMER,dlm@email.com,[TESTBROKERAGE] Realty,10/30/2024 10:42am,7/31/2024,9/30/2024,,9/30/2024,,,8/22/2024,8/28/2024
MLS United,Pending - Broker,ticketlink.com,C,MS,TESTBROKERAGE,TESTBROKER,Digital Signature (Spark),Back Office,,rules.com,logo.com,DISCLAIMER,dlm@email.com,[TESTBROKERAGE] Realty,8/28/2024 11:42am,7/31/2024,8/27/2024,,8/28/2024,,12/12/2024,,12/12/2024
MLS United,Approved - Complete,ticketlink.com,C,MS,TESTBROKERAGE,TESTBROKER,Digital Signature (Spark),IDX,[TESTBROKERAGE]realty.com,rules.com,logo.com,DISCLAIMER,dlm@email.com,[TESTBROKERAGE] Realty,8/28/2024 9:34am,,,,,,,11/21/2024,11/22/2024
MLSListings,Pending - Compliance Mod,ticketlink.com,D,CA,TESTBROKERAGE,TESTBROKER,Digital Signature (eSign),IDX,[TESTBROKERAGE]realty.com,rules.com,logo.com,DISCLAIMER,dlm@email.com,[TESTBROKERAGE] Realty,12/12/2024 11:26am,7/29/2024,9/26/2024,,9/27/2024,,,,
MLSListings,Approved - Complete,ticketlink.com,D,CA,TESTBROKERAGE,TESTBROKER,Digital Signature (eSign),Back Office,[TESTBROKERAGE]realty.com,rules.com,logo.com,DISCLAIMER,dlm@email.com,[TESTBROKERAGE] Realty,11/22/2024 9:40am,7/31/2024,9/26/2024,,9/27/2024,11/19/2024,,,
MLSOK,Pending - Broker,ticketlink.com,D,OK,TESTBROKERAGE,TESTBROKER,Broker-Initiated (MLS Request),Back Office,[TESTBROKERAGE]realty.com,rules.com,logo.com,DISCLAIMER,dlm@email.com,[TESTBROKERAGE] Realty,9/30/2024 9:43am,7/31/2024,9/26/2024,,9/30/2024,,11/13/2024,,11/27/2024
MLSOK,Approved - Complete,ticketlink.com,D,OK,TESTBROKERAGE,TESTBROKER,Broker-Initiated (MLS Request),IDX,[TESTBROKERAGE]realty.com,rules.com,logo.com,DISCLAIMER,dlm@email.com,[TESTBROKERAGE] Realty,11/27/2024 11:24am,7/29/2024,9/26/2024,,9/30/2024,10/16/2024,,,8/20/2024
Monmouth Ocean Regional Multiple Listing Service,Approved - Complete,ticketlink.com,A,NJ,TESTBROKERAGE,TESTBROKER,Digital Signature (Spark),IDX,[TESTBROKERAGE]realty.com,rules.com,logo.com,DISCLAIMER,dlm@email.com,[TESTBROKERAGE] Realty,8/20/2024 1:15pm,,,,,,,8/16/2024,10/9/2024
Monmouth Ocean Regional Multiple Listing Service,Approved - Complete,ticketlink.com,A,NJ,TESTBROKERAGE,TESTBROKER,Digital Signature (Spark),Back Office,,rules.com,logo.com,DISCLAIMER,dlm@email.com,[TESTBROKERAGE] Realty,10/9/2024 11:25am,,,,,,,,8/20/2024
Montana Regional MLS,Approved - Complete,ticketlink.com,B,MT,TESTBROKERAGE,TESTBROKER,Digital Signature (Trestle),IDX,[TESTBROKERAGE]realty.com,rules.com,logo.com,DISCLAIMER,dlm@email.com,[TESTBROKERAGE] Realty,8/20/2024 10:32am,,,,,,,8/28/2024,9/17/2024
Montana Regional MLS,Approved - Complete,ticketlink.com,B,MT,TESTBROKERAGE,TESTBROKER,Digital Signature (Trestle),Back Office,,rules.com,logo.com,DISCLAIMER,dlm@email.com,[TESTBROKERAGE] Realty,9/17/2024 1:21pm,7/31/2024,8/27/2024,,,,,9/12/2024,9/19/2024
Montgomery Area Association of REALTORS,Approved - Complete,ticketlink.com,C,AL,TESTBROKERAGE,TESTBROKER,Digital Signature (Trestle),IDX,[TESTBROKERAGE]realty.com,rules.com,logo.com,DISCLAIMER,dlm@email.com,[TESTBROKERAGE] Realty,9/19/2024 1:43pm,,,,8/23/2024,,,10/11/2024,10/16/2024
Montgomery Area Association of REALTORS,Approved - Complete,ticketlink.com,C,AL,TESTBROKERAGE,TESTBROKER,Digital Signature (Trestle),Back Office,,rules.com,logo.com,DISCLAIMER,dlm@email.com,[TESTBROKERAGE] Realty,10/16/2024 10:46am,7/31/2024,9/18/2024,,10/9/2024,,,10/16/2024,10/16/2024
Mount Rushmore Area Association of REALTORS,Approved - Complete,ticketlink.com,B,SD,TESTBROKERAGE,TESTBROKER,Broker-Initiated (MLS Request),IDX,[TESTBROKERAGE]realty.com,rules.com,logo.com,DISCLAIMER,dlm@email.com,[TESTBROKERAGE] Realty,10/16/2024 10:45am,7/29/2024,9/26/2024,,10/1/2024,10/15/2024,,10/15/2024,10/16/2024
Mount Rushmore Area Association of REALTORS,Approved - Complete,ticketlink.com,B,SD,TESTBROKERAGE,TESTBROKER,Broker-Initiated (MLS Request),Back Office,[TESTBROKERAGE]realty.com,rules.com,logo.com,DISCLAIMER,dlm@email.com,[TESTBROKERAGE] Realty,10/16/2024 10:43am,7/31/2024,9/26/2024,,10/1/2024,10/15/2024,,10/28/2024,11/6/2024
Mountain Lakes Board of REALTORS,Approved - Complete,ticketlink.com,C,NC,TESTBROKERAGE,TESTBROKER,CWS Request,IDX,[TESTBROKERAGE]realty.com,rules.com,logo.com,DISCLAIMER,dlm@email.com,[TESTBROKERAGE] Realty,11/6/2024 9:39am,8/8/2024,10/17/2024,,,10/25/2024,,10/28/2024,11/20/2024
Mountain Lakes Board of REALTORS,Approved - Complete,ticketlink.com,C,NC,TESTBROKERAGE,TESTBROKER,CWS Request,Back Office,,rules.com,logo.com,DISCLAIMER,dlm@email.com,[TESTBROKERAGE] Realty,11/20/2024 9:34am,8/8/2024,10/17/2024,,,10/25/2024,,11/21/2024,11/21/2024
Muscatine Multiple Listing Service,Approved - Complete,ticketlink.com,B,IA,TESTBROKERAGE,TESTBROKER,Broker-Initiated (MLS Request),IDX,[TESTBROKERAGE]realty.com,rules.com,logo.com,DISCLAIMER,dlm@email.com,[TESTBROKERAGE] Realty,11/21/2024 5:27pm,7/30/2024,9/26/2024,,10/1/2024,11/20/2024,,11/21/2024,11/22/2024
Muscatine Multiple Listing Service,Approved - Complete,ticketlink.com,B,IA,TESTBROKERAGE,TESTBROKER,Broker-Initiated (MLS Request),Back Office,[TESTBROKERAGE]realty.com,rules.com,logo.com,DISCLAIMER,dlm@email.com,[TESTBROKERAGE] Realty,11/22/2024 12:31pm,7/31/2024,9/26/2024,,10/1/2024,11/20/2024,,,
Naples Area Board of REALTORS,Pending - Broker,ticketlink.com,C,FL,TESTBROKERAGE,TESTBROKER,Broker-Initiated (BAM),Back Office,,rules.com,logo.com,DISCLAIMER,dlm@email.com,[TESTBROKERAGE] Realty,11/14/2024 12:41pm,7/31/2024,11/6/2024,11/6/2024,11/14/2024,,,,
Naples Area Board of REALTORS,Pending - MLS,ticketlink.com,C,FL,TESTBROKERAGE,TESTBROKER,Broker-Initiated (BAM),IDX,[TESTBROKERAGE]realty.com,rules.com,logo.com,DISCLAIMER,dlm@email.com,[TESTBROKERAGE] Realty,12/13/2024 10:36am,7/30/2024,11/6/2024,11/6/2024,11/14/2024,12/13/2024,,,
New Jersey MLS,Cancelled,ticketlink.com,A,NJ,TESTBROKERAGE,TESTBROKER,Digital Signature (eSign),IDX,[TESTBROKERAGE]realty.com,rules.com,logo.com,DISCLAIMER,dlm@email.com,[TESTBROKERAGE] Realty,12/4/2024 2:00pm,7/29/2024,10/21/2024,,11/6/2024,,,,
New Jersey MLS,Cancelled,ticketlink.com,A,NJ,TESTBROKERAGE,TESTBROKER,Digital Signature (eSign),Back Office,,rules.com,logo.com,DISCLAIMER,dlm@email.com,[TESTBROKERAGE] Realty,12/4/2024 2:02pm,7/31/2024,10/21/2024,,11/6/2024,,,,
New Smyrna Beach Board of REALTORS,Cancelled,ticketlink.com,C,FL,TESTBROKERAGE,TESTBROKER,Digital Signature (Trestle),IDX,[TESTBROKERAGE]realty.com,rules.com,logo.com,DISCLAIMER,dlm@email.com,[TESTBROKERAGE] Realty,8/23/2024 1:39pm,,,,,,,,
New Smyrna Beach Board of REALTORS,Cancelled,ticketlink.com,C,FL,TESTBROKERAGE,TESTBROKER,Digital Signature (Trestle),Back Office,,rules.com,logo.com,DISCLAIMER,dlm@email.com,[TESTBROKERAGE] Realty,8/26/2024 1:09pm,,,,,,,9/24/2024,10/2/2024
NoCoast MLS,Approved - Complete,ticketlink.com,B,IA,TESTBROKERAGE,TESTBROKER,Digital Agreement (MLS Grid),IDX,[TESTBROKERAGE]realty.com,rules.com,logo.com,DISCLAIMER,dlm@email.com,[TESTBROKERAGE] Realty,10/2/2024 10:40am,7/30/2024,9/13/2024,,9/13/2024,,,9/13/2024,11/22/2024
NoCoast MLS,Approved - Complete,ticketlink.com,B,IA,TESTBROKERAGE,TESTBROKER,Digital Agreement (MLS Grid),Back Office,,rules.com,logo.com,DISCLAIMER,dlm@email.com,[TESTBROKERAGE] Realty,11/22/2024 2:27pm,7/31/2024,9/13/2024,,9/13/2024,,,,
North Carolina Regional MLS,Pending - MLS,ticketlink.com,C,NC,TESTBROKERAGE,TESTBROKER,Digital Signature (eSign),IDX,[TESTBROKERAGE]realty.com,rules.com,logo.com,DISCLAIMER,dlm@email.com,[TESTBROKERAGE] Realty,12/3/2024 2:05pm,7/29/2024,9/26/2024,,11/6/2024,12/3/2024,,,
North Carolina Regional MLS,Pending - MLS,ticketlink.com,C,NC,TESTBROKERAGE,TESTBROKER,Digital Signature (eSign),Back Office,[TESTBROKERAGE]realty.com,rules.com,logo.com,DISCLAIMER,dlm@email.com,[TESTBROKERAGE] Realty,12/3/2024 2:05pm,7/31/2024,9/26/2024,,11/6/2024,12/3/2024,,,8/15/2024
North Florida MLS,Pending - MLS,ticketlink.com,C,FL,TESTBROKERAGE,TESTBROKER,Digital Signature (eSign),IDX,[TESTBROKERAGE]realty.com,rules.com,logo.com,DISCLAIMER,dlm@email.com,[TESTBROKERAGE] Realty,12/4/2024 10:02am,7/30/2024,11/6/2024,11/6/2024,,12/4/2024,,10/8/2024,10/9/2024
North Florida MLS,Pending - MLS,ticketlink.com,C,FL,TESTBROKERAGE,TESTBROKER,Digital Signature (eSign),Back Office,,rules.com,logo.com,DISCLAIMER,dlm@email.com,[TESTBROKERAGE] Realty,12/4/2024 10:03am,7/31/2024,11/6/2024,11/6/2024,12/2/2024,12/4/2024,,10/8/2024,10/9/2024
North Texas Real Estate Information Systems (NTREIS),Pending - Broker,ticketlink.com,D,TX,TESTBROKERAGE,TESTBROKER,Digital Signature (eSign),Back Office,,rules.com,logo.com,DISCLAIMER,dlm@email.com,[TESTBROKERAGE] Realty,10/3/2024 10:22am,7/31/2024,8/27/2024,,10/3/2024,9/20/2024,,11/1/2024,11/6/2024
North Texas Real Estate Information Systems (NTREIS),Approved - Complete,ticketlink.com,D,TX,TESTBROKERAGE,TESTBROKER,Digital Signature (eSign),IDX,[TESTBROKERAGE]realty.com,rules.com,logo.com,DISCLAIMER,dlm@email.com,[TESTBROKERAGE] Realty,8/15/2024 7:57am,,,,,,,,11/28/2024
Northeast Iowa Regional Board of REALTORS,Approved - Complete,ticketlink.com,B,IA,TESTBROKERAGE,TESTBROKER,Digital Signature (MLS Grid),IDX,[TESTBROKERAGE]realty.com,rules.com,logo.com,DISCLAIMER,dlm@email.com,[TESTBROKERAGE] Realty,10/9/2024 10:35am,7/29/2024,9/26/2024,,10/1/2024,10/1/2024,,,8/20/2024
Northeast Iowa Regional Board of REALTORS,Approved - Complete,ticketlink.com,B,IA,TESTBROKERAGE,TESTBROKER,Digital Signature (MLS Grid),Back Office,[TESTBROKERAGE]realty.com,rules.com,logo.com,DISCLAIMER,dlm@email.com,[TESTBROKERAGE] Realty,10/9/2024 11:13am,7/31/2024,9/26/2024,,10/1/2024,10/1/2024,,10/16/2024,10/16/2024
Northeast South Dakota Association of REALTORS,Approved - Complete,ticketlink.com,B,SD,TESTBROKERAGE,TESTBROKER,Digital Signature (Spark),IDX,[TESTBROKERAGE]realty.com,rules.com,logo.com,DISCLAIMER,dlm@email.com,[TESTBROKERAGE] Realty,11/6/2024 9:46am,7/30/2024,9/26/2024,,10/1/2024,10/17/2024,,,
Northeast South Dakota Association of REALTORS,Approved - Complete,ticketlink.com,B,SD,TESTBROKERAGE,TESTBROKER,Digital Signature (Spark),Back Office,[TESTBROKERAGE]realty.com,rules.com,logo.com,DISCLAIMER,dlm@email.com,[TESTBROKERAGE] Realty,11/28/2024 10:30am,7/31/2024,9/26/2024,,10/16/2024,10/17/2024,,10/23/2024,11/6/2024
Northern Great Lakes REALTORS MLS,Approved - Complete,ticketlink.com,A,MI,TESTBROKERAGE,TESTBROKER,Digital Signature (eSign),IDX,[TESTBROKERAGE]realty.com,rules.com,logo.com,DISCLAIMER,dlm@email.com,[TESTBROKERAGE] Realty,8/20/2024 1:16pm,,,,,,,10/1/2024,10/2/2024
Northern Great Lakes REALTORS MLS,Approved - Complete,ticketlink.com,A,MI,TESTBROKERAGE,TESTBROKER,Digital Signature (eSign),Back Office,,rules.com,logo.com,DISCLAIMER,dlm@email.com,[TESTBROKERAGE] Realty,10/16/2024 5:53pm,7/31/2024,8/27/2024,,,10/15/2024,,10/9/2024,10/28/2024
Northern Neck Association of REALTORS,New,ticketlink.com,A,VA,TESTBROKERAGE,TESTBROKER,Automatic,Back Office,,rules.com,logo.com,DISCLAIMER,dlm@email.com,[TESTBROKERAGE] Realty,7/31/2024 9:55am,7/31/2024,,,,,,10/10/2024,10/10/2024
Northern Neck Association of REALTORS,Approved - Complete,ticketlink.com,A,VA,TESTBROKERAGE,TESTBROKER,Automatic,IDX,[TESTBROKERAGE]realty.com,rules.com,logo.com,DISCLAIMER,dlm@email.com,[TESTBROKERAGE] Realty,11/6/2024 9:15am,7/29/2024,10/23/2024,,,10/23/2024,,10/10/2024,10/16/2024
NorthstarMLS,Approved - Complete,ticketlink.com,B,MN,TESTBROKERAGE,TESTBROKER,Digital Signature (MLS Grid),IDX,[TESTBROKERAGE]realty.com,rules.com,logo.com,DISCLAIMER,dlm@email.com,[TESTBROKERAGE] Realty,10/2/2024 10:41am,7/29/2024,9/13/2024,,9/13/2024,,,,
NorthstarMLS,Approved - Complete,ticketlink.com,B,MN,TESTBROKERAGE,TESTBROKER,Digital Signature (MLS Grid),Back Office,[TESTBROKERAGE]realty.com,rules.com,logo.com,DISCLAIMER,dlm@email.com,[TESTBROKERAGE] Realty,10/28/2024 5:16pm,7/31/2024,9/13/2024,,9/13/2024,,,,
Northwest Arkansas Board of REALTORS,Approved - Complete,ticketlink.com,C,AR,TESTBROKERAGE,TESTBROKER,Digital Signature (Trestle),IDX,[TESTBROKERAGE]realty.com,rules.com,logo.com,DISCLAIMER,dlm@email.com,[TESTBROKERAGE] Realty,10/10/2024 4:40pm,7/30/2024,9/26/2024,,10/9/2024,,,10/30/2024,11/6/2024
Northwest Arkansas Board of REALTORS,Approved - Complete,ticketlink.com,C,AR,TESTBROKERAGE,TESTBROKER,Digital Signature (Trestle),Back Office,[TESTBROKERAGE]realty.com,rules.com,logo.com,DISCLAIMER,dlm@email.com,[TESTBROKERAGE] Realty,10/16/2024 10:52am,7/31/2024,9/26/2024,,10/9/2024,,,11/4/2024,11/11/2024
NorthWest Illinois Alliance of REALTORS,Pending - MLS,ticketlink.com,A,IL,TESTBROKERAGE,TESTBROKER,Digital Signature (eSign),IDX,[TESTBROKERAGE]realty.com,rules.com,logo.com,DISCLAIMER,dlm@email.com,[TESTBROKERAGE] Realty,12/13/2024 11:17am,7/29/2024,9/26/2024,12/6/2024,10/7/2024,12/13/2024,,10/3/2024,10/9/2024
NorthWest Illinois Alliance of REALTORS,Pending - MLS,ticketlink.com,A,IL,TESTBROKERAGE,TESTBROKER,Digital Signature (eSign),Back Office,[TESTBROKERAGE]realty.com,rules.com,logo.com,DISCLAIMER,dlm@email.com,[TESTBROKERAGE] Realty,10/7/2024 3:48pm,7/31/2024,9/26/2024,,10/7/2024,10/7/2024,,10/8/2024,10/9/2024
Northwest Indiana Association of REALTORS,Approved - Complete,ticketlink.com,A,IN,TESTBROKERAGE,TESTBROKER,Digital Signature (MLS Grid),IDX,[TESTBROKERAGE]realty.com,rules.com,logo.com,DISCLAIMER,dlm@email.com,[TESTBROKERAGE] Realty,11/6/2024 9:17am,8/8/2024,10/21/2024,,10/22/2024,,,,
Northwest Indiana Association of REALTORS,Approved - Complete,ticketlink.com,A,IN,TESTBROKERAGE,TESTBROKER,Digital Signature (MLS Grid),Back Office,,rules.com,logo.com,DISCLAIMER,dlm@email.com,[TESTBROKERAGE] Realty,11/11/2024 6:30pm,8/8/2024,10/21/2024,,10/22/2024,,,,
Northwest Iowa Regional Board of REALTORS,Approved - Complete,ticketlink.com,B,IA,TESTBROKERAGE,TESTBROKER,Digital Signature (eSign),IDX,[TESTBROKERAGE]realty.com,rules.com,logo.com,DISCLAIMER,dlm@email.com,[TESTBROKERAGE] Realty,10/9/2024 10:34am,7/29/2024,9/26/2024,,10/2/2024,10/2/2024,,,
Northwest Iowa Regional Board of REALTORS,Approved - Complete,ticketlink.com,B,IA,TESTBROKERAGE,TESTBROKER,Digital Signature (eSign),Back Office,[TESTBROKERAGE]realty.com,rules.com,logo.com,DISCLAIMER,dlm@email.com,[TESTBROKERAGE] Realty,10/9/2024 1:30pm,7/31/2024,9/26/2024,,10/8/2024,10/2/2024,,,
Nova Scotia Association of REALTORS,Approved - Complete,ticketlink.com,B,NS,TESTBROKERAGE,TESTBROKER,Broker-Initiated (BAM),IDX,[TESTBROKERAGE]realty.com,rules.com,logo.com,DISCLAIMER,dlm@email.com,[TESTBROKERAGE] Realty,8/27/2024 12:02pm,,9/24/2024,,10/9/2024,,,,8/27/2024
Nova Scotia Association of REALTORS,Approved - Complete,ticketlink.com,B,NS,TESTBROKERAGE,TESTBROKER,Broker-Initiated (BAM),Back Office,,rules.com,logo.com,DISCLAIMER,dlm@email.com,[TESTBROKERAGE] Realty,11/20/2024 4:03pm,7/31/2024,9/26/2024,,,9/30/2024,,11/20/2024,11/20/2024
Odessa Board of REALTORS,Approved - Provisioning,ticketlink.com,D,TX,TESTBROKERAGE,TESTBROKER,Automatic,Back Office,[TESTBROKERAGE]realty.com,rules.com,logo.com,DISCLAIMER,dlm@email.com,[TESTBROKERAGE] Realty,10/14/2024 2:52pm,7/31/2024,9/26/2024,,,9/30/2024,,10/14/2024,
Odessa Board of REALTORS,Approved - Complete,ticketlink.com,D,TX,TESTBROKERAGE,TESTBROKER,Automatic,IDX,[TESTBROKERAGE]realty.com,rules.com,logo.com,DISCLAIMER,dlm@email.com,[TESTBROKERAGE] Realty,10/16/2024 10:35am,7/29/2024,,,,,,10/14/2024,10/16/2024
OneKey MLS,Approved - Complete,ticketlink.com,A,NY,TESTBROKERAGE,TESTBROKER,Digital Signature (MLS Grid),IDX,[TESTBROKERAGE]realty.com,rules.com,logo.com,DISCLAIMER,dlm@email.com,[TESTBROKERAGE] Realty,8/15/2024 10:32am,,8/27/2024,,8/29/2024,,,,8/15/2024
OneKey MLS,Approved - Complete,ticketlink.com,A,NY,TESTBROKERAGE,TESTBROKER,Digital Signature (MLS Grid),Back Office,,rules.com,logo.com,DISCLAIMER,dlm@email.com,[TESTBROKERAGE] Realty,9/17/2024 1:44pm,7/31/2024,,,,,,,9/17/2024
Otero County Association of REALTORS,Cancelled,ticketlink.com,D,NM,TESTBROKERAGE,TESTBROKER,,IDX,[TESTBROKERAGE]realty.com,rules.com,logo.com,DISCLAIMER,dlm@email.com,[TESTBROKERAGE] Realty,9/26/2024 3:17pm,7/29/2024,,,,,,,
Otero County Association of REALTORS,Cancelled,ticketlink.com,D,NM,TESTBROKERAGE,TESTBROKER,,Back Office,[TESTBROKERAGE]realty.com,rules.com,logo.com,DISCLAIMER,dlm@email.com,[TESTBROKERAGE] Realty,9/26/2024 3:17pm,7/31/2024,,,,,,,
Otsego Delaware Board of REALTORS,Cancelled,ticketlink.com,A,NY,TESTBROKERAGE,TESTBROKER,,IDX,[TESTBROKERAGE]realty.com,rules.com,logo.com,DISCLAIMER,dlm@email.com,[TESTBROKERAGE] Realty,10/17/2024 4:22pm,7/29/2024,,,,,,,
Otsego Delaware Board of REALTORS,Cancelled,ticketlink.com,A,NY,TESTBROKERAGE,TESTBROKER,,Back Office,,rules.com,logo.com,DISCLAIMER,dlm@email.com,[TESTBROKERAGE] Realty,10/17/2024 4:22pm,7/31/2024,,8/29/2024,9/13/2024,11/12/2024,,,
Ottawa Real Estate Board,Approved - Complete,ticketlink.com,B,ON,TESTBROKERAGE,TESTBROKER,Digital Signature (eSign),IDX,[TESTBROKERAGE]realty.com,rules.com,logo.com,DISCLAIMER,dlm@email.com,[TESTBROKERAGE] Realty,11/14/2024 10:27am,,,,,11/12/2024,,11/13/2024,11/14/2024
Ottawa Real Estate Board,Approved - Complete,ticketlink.com,B,ON,TESTBROKERAGE,TESTBROKER,Digital Signature (eSign),VOW,,rules.com,logo.com,DISCLAIMER,dlm@email.com,[TESTBROKERAGE] Realty,11/15/2024 12:21pm,7/31/2024,9/26/2024,,10/2/2024,,,11/13/2024,11/15/2024
Pacific Regional MLS,Approved - Complete,ticketlink.com,B,WA,TESTBROKERAGE,TESTBROKER,Digital Signature (eSign),IDX,[TESTBROKERAGE]realty.com,rules.com,logo.com,DISCLAIMER,dlm@email.com,[TESTBROKERAGE] Realty,11/14/2024 10:30am,7/30/2024,9/26/2024,,10/2/2024,10/21/2024,,11/12/2024,11/14/2024
Pacific Regional MLS,Approved - Complete,ticketlink.com,B,WA,TESTBROKERAGE,TESTBROKER,Digital Signature (eSign),Back Office,[TESTBROKERAGE]realty.com,rules.com,logo.com,DISCLAIMER,dlm@email.com,[TESTBROKERAGE] Realty,11/14/2024 10:33am,7/31/2024,,,,,,11/12/2024,11/14/2024
Palmetto Multiple Listing Service,Cancelled,ticketlink.com,C,SC,TESTBROKERAGE,TESTBROKER,CWS Request,IDX,[TESTBROKERAGE]realty.com,rules.com,logo.com,DISCLAIMER,dlm@email.com,[TESTBROKERAGE] Realty,10/16/2024 10:31am,7/30/2024,,,,,,,
Palmetto Multiple Listing Service,Cancelled,ticketlink.com,C,SC,TESTBROKERAGE,TESTBROKER,CWS Request,Back Office,,rules.com,logo.com,DISCLAIMER,dlm@email.com,[TESTBROKERAGE] Realty,10/16/2024 10:31am,7/31/2024,11/6/2024,11/6/2024,,11/12/2024,,,
Pee Dee REALTOR Association,Pending - MLS,ticketlink.com,C,SC,TESTBROKERAGE,TESTBROKER,Broker-Initiated (PAM),Back Office,,rules.com,logo.com,DISCLAIMER,dlm@email.com,[TESTBROKERAGE] Realty,11/12/2024 11:02am,7/31/2024,11/6/2024,11/6/2024,,,,,
Pee Dee REALTOR Association,Approved - Complete,ticketlink.com,C,SC,TESTBROKERAGE,TESTBROKER,Broker-Initiated (PAM),IDX,[TESTBROKERAGE]realty.com,rules.com,logo.com,DISCLAIMER,dlm@email.com,[TESTBROKERAGE] Realty,11/14/2024 10:00am,7/30/2024,,,,,,11/12/2024,11/14/2024
Pensacola Association of REALTORS,Cancelled,ticketlink.com,C,FL,TESTBROKERAGE,TESTBROKER,Broker-Initiated (BAM),Back Office,,rules.com,logo.com,DISCLAIMER,dlm@email.com,[TESTBROKERAGE] Realty,10/21/2024 12:09pm,7/31/2024,,,8/14/2024,,,8/30/2024,
Pensacola Association of REALTORS,Approved - Complete,ticketlink.com,C,FL,TESTBROKERAGE,TESTBROKER,Broker-Initiated (BAM),IDX,[TESTBROKERAGE]realty.com,rules.com,logo.com,DISCLAIMER,dlm@email.com,[TESTBROKERAGE] Realty,9/16/2024 12:15pm,,10/21/2024,,10/21/2024,,,9/10/2024,9/16/2024
Pierre Area Multiple Listing Service,Approved - Provisioning,ticketlink.com,B,SD,TESTBROKERAGE,TESTBROKER,Digital Signature (Spark),Back Office,,rules.com,logo.com,DISCLAIMER,dlm@email.com,,10/23/2024 11:00am,,10/21/2024,,10/21/2024,,,10/23/2024,
Pierre Area Multiple Listing Service,Approved - Complete,ticketlink.com,B,SD,TESTBROKERAGE,TESTBROKER,Digital Signature (Spark),IDX,[TESTBROKERAGE]realty.com,rules.com,logo.com,DISCLAIMER,dlm@email.com,[TESTBROKERAGE] Realty,10/24/2024 10:30am,,9/11/2024,,9/16/2024,,,10/23/2024,10/24/2024
Pikes Peak REALTOR Services,Approved - Complete,ticketlink.com,D,CO,TESTBROKERAGE,TESTBROKER,Digital Signature (eSign),IDX,[TESTBROKERAGE]realty.com,rules.com,logo.com,DISCLAIMER,dlm@email.com,[TESTBROKERAGE] Realty,9/19/2024 1:48pm,7/30/2024,,,,,,9/16/2024,9/19/2024
Pikes Peak REALTOR Services,Approved - Complete,ticketlink.com,D,CO,TESTBROKERAGE,TESTBROKER,Digital Signature (eSign),Back Office,,rules.com,logo.com,DISCLAIMER,dlm@email.com,[TESTBROKERAGE] Realty,9/19/2024 2:13pm,7/31/2024,9/11/2024,,,,,9/17/2024,9/19/2024
PrimeMLS,Pending - MLS,ticketlink.com,A,NH,TESTBROKERAGE,TESTBROKER,Digital Signature (eSign),Back Office,[TESTBROKERAGE]realty.com,rules.com,logo.com,DISCLAIMER,dlm@email.com,[TESTBROKERAGE] Realty,9/18/2024 4:18pm,7/31/2024,9/5/2024,,,9/18/2024,,,
PrimeMLS,Approved - Complete,ticketlink.com,A,NH,TESTBROKERAGE,TESTBROKER,Digital Signature (eSign),IDX,[TESTBROKERAGE]realty.com,rules.com,logo.com,DISCLAIMER,dlm@email.com,[TESTBROKERAGE] Realty,8/20/2024 1:15pm,,,,,,,,8/20/2024
Pueblo Association of REALTORS,Approved - Complete,ticketlink.com,D,CO,TESTBROKERAGE,TESTBROKER,CWS Request,IDX,[TESTBROKERAGE]realty.com,rules.com,logo.com,DISCLAIMER,dlm@email.com,[TESTBROKERAGE] Realty,9/13/2024 8:21am,7/30/2024,9/11/2024,,,9/11/2024,,9/11/2024,9/13/2024
Pueblo Association of REALTORS,Approved - Complete,ticketlink.com,D,CO,TESTBROKERAGE,TESTBROKER,CWS Request,Back Office,,rules.com,logo.com,DISCLAIMER,dlm@email.com,[TESTBROKERAGE] Realty,9/17/2024 1:22pm,7/31/2024,9/11/2024,,,9/11/2024,,9/13/2024,9/17/2024
Real Estate Board of New York (REBNY),New,ticketlink.com,A,NY,TESTBROKERAGE,TESTBROKER,Broker-Initiated (MLS Dashboard),Back Office,,rules.com,logo.com,DISCLAIMER,dlm@email.com,[TESTBROKERAGE] Realty,8/9/2024 3:55pm,8/9/2024,,,,,,,
Real Estate Board of New York (REBNY),Pending - Broker,ticketlink.com,A,NY,TESTBROKERAGE,TESTBROKER,Broker-Initiated (MLS Dashboard),IDX,[TESTBROKERAGE]realty.com,rules.com,logo.com,DISCLAIMER,dlm@email.com,[TESTBROKERAGE] Realty,11/13/2024 2:25pm,8/9/2024,11/13/2024,,11/13/2024,,,,
Real Estate Information Network (REIN),Pending - CWS,ticketlink.com,A,VA,TESTBROKERAGE,TESTBROKER,Automatic,Back Office,,rules.com,logo.com,DISCLAIMER,dlm@email.com,[TESTBROKERAGE] Realty,9/25/2024 5:17pm,7/31/2024,9/11/2024,9/25/2024,,,,,
Real Estate Information Network (REIN),Pending - MLS,ticketlink.com,A,VA,TESTBROKERAGE,TESTBROKER,Automatic,IDX,[TESTBROKERAGE]realty.com,rules.com,logo.com,DISCLAIMER,dlm@email.com,[TESTBROKERAGE] Realty,12/10/2024 12:09pm,7/29/2024,9/11/2024,9/25/2024,10/9/2024,12/10/2024,,,
Real Estate Information Services (REALTOR Association of Southern Kentucky),Pending - Broker,ticketlink.com,A,KY,TESTBROKERAGE,TESTBROKER,Digital Signature (eSign),Back Office,,rules.com,logo.com,DISCLAIMER,dlm@email.com,[TESTBROKERAGE] Realty,9/25/2024 6:29pm,7/31/2024,9/11/2024,,9/25/2024,,,,
Real Estate Information Services (REALTOR Association of Southern Kentucky),Pending - MLS,ticketlink.com,A,KY,TESTBROKERAGE,TESTBROKER,Digital Signature (eSign),IDX,[TESTBROKERAGE]realty.com,rules.com,logo.com,DISCLAIMER,dlm@email.com,[TESTBROKERAGE] Realty,12/6/2024 9:50am,7/30/2024,9/11/2024,,9/25/2024,12/6/2024,,,
Realcomp,Pending - Broker,ticketlink.com,A,MI,TESTBROKERAGE,TESTBROKER,Digital Signature (eSign),Back Office,,rules.com,logo.com,DISCLAIMER,dlm@email.com,[TESTBROKERAGE] Realty,10/16/2024 1:48pm,7/31/2024,9/11/2024,,10/16/2024,,,,
Realcomp,Approved - Complete,ticketlink.com,A,MI,TESTBROKERAGE,TESTBROKER,Digital Signature (eSign),IDX,[TESTBROKERAGE]realty.com,rules.com,logo.com,DISCLAIMER,dlm@email.com,[TESTBROKERAGE] Realty,11/14/2024 10:00am,7/29/2024,9/11/2024,,10/16/2024,,,11/13/2024,11/14/2024
realMLS (Northeast Florida Multiple Listing Service),Approved - Complete,ticketlink.com,C,FL,TESTBROKERAGE,TESTBROKER,Digital Signature (Spark),IDX,[TESTBROKERAGE]realty.com,rules.com,logo.com,DISCLAIMER,dlm@email.com,[TESTBROKERAGE] Realty,9/5/2024 9:40am,,,,8/22/2024,,,8/30/2024,9/5/2024
realMLS (Northeast Florida Multiple Listing Service),Approved - Complete,ticketlink.com,C,FL,TESTBROKERAGE,TESTBROKER,Digital Signature (Spark),Back Office,,rules.com,logo.com,DISCLAIMER,dlm@email.com,[TESTBROKERAGE] Realty,9/23/2024 11:03am,,,,8/22/2024,,,8/30/2024,9/23/2024
REALTOR Association of Greater Fort Lauderdale,Cancelled,ticketlink.com,C,FL,TESTBROKERAGE,TESTBROKER,Digital Signature (Trestle),IDX,[TESTBROKERAGE]realty.com,rules.com,logo.com,DISCLAIMER,dlm@email.com,[TESTBROKERAGE] Realty,12/2/2024 11:05am,7/30/2024,9/25/2024,,11/5/2024,,,,
REALTOR Association of Greater Fort Lauderdale,Cancelled,ticketlink.com,C,FL,TESTBROKERAGE,TESTBROKER,Digital Signature (Trestle),Back Office,,rules.com,logo.com,DISCLAIMER,dlm@email.com,[TESTBROKERAGE] Realty,12/2/2024 11:06am,7/31/2024,,,,,,,
REALTOR Association of Southern Minnesota,Approved - Complete,ticketlink.com,A,MN,TESTBROKERAGE,TESTBROKER,Digital Signature (eSign),IDX,[TESTBROKERAGE]realty.com,rules.com,logo.com,DISCLAIMER,dlm@email.com,[TESTBROKERAGE] Realty,10/9/2024 11:27am,7/29/2024,9/26/2024,,10/7/2024,10/7/2024,,10/7/2024,10/9/2024
REALTOR Association of Southern Minnesota,Approved - Complete,ticketlink.com,A,MN,TESTBROKERAGE,TESTBROKER,Digital Signature (eSign),Back Office,[TESTBROKERAGE]realty.com,rules.com,logo.com,DISCLAIMER,dlm@email.com,[TESTBROKERAGE] Realty,10/9/2024 11:27am,7/31/2024,9/26/2024,,10/7/2024,10/7/2024,,10/7/2024,10/9/2024
REALTOR Association of the Sioux Empire,Approved - Complete,ticketlink.com,B,SD,TESTBROKERAGE,TESTBROKER,Broker-Initiated (MLS Request),IDX,[TESTBROKERAGE]realty.com,rules.com,logo.com,DISCLAIMER,dlm@email.com,[TESTBROKERAGE] Realty,11/5/2024 5:36pm,7/29/2024,9/26/2024,,10/1/2024,10/15/2024,,10/25/2024,11/5/2024
REALTOR Association of the Sioux Empire,Approved - Complete,ticketlink.com,B,SD,TESTBROKERAGE,TESTBROKER,Broker-Initiated (MLS Request),Back Office,[TESTBROKERAGE]realty.com,rules.com,logo.com,DISCLAIMER,dlm@email.com,[TESTBROKERAGE] Realty,11/12/2024 10:05am,7/31/2024,9/26/2024,,10/1/2024,10/15/2024,,10/25/2024,11/12/2024
REALTORS Association of Citrus County,Approved - Complete,ticketlink.com,C,FL,TESTBROKERAGE,TESTBROKER,Digital Signature (Trestle),IDX,[TESTBROKERAGE]realty.com,rules.com,logo.com,DISCLAIMER,dlm@email.com,[TESTBROKERAGE] Realty,8/30/2024 9:26am,,,,8/23/2024,,,8/29/2024,8/30/2024
REALTORS Association of Citrus County,Approved - Complete,ticketlink.com,C,FL,TESTBROKERAGE,TESTBROKER,Digital Signature (Trestle),Back Office,,rules.com,logo.com,DISCLAIMER,dlm@email.com,[TESTBROKERAGE] Realty,9/23/2024 11:00am,7/31/2024,9/5/2024,,9/6/2024,,,9/16/2024,9/23/2024
REALTORS Association of Indian River County,Approved - Complete,ticketlink.com,C,FL,TESTBROKERAGE,TESTBROKER,Digital Signature (Trestle),IDX,[TESTBROKERAGE]realty.com,rules.com,logo.com,DISCLAIMER,dlm@email.com,[TESTBROKERAGE] Realty,11/6/2024 9:50am,7/29/2024,10/21/2024,,10/23/2024,,,10/28/2024,11/6/2024
REALTORS Association of Indian River County,Approved - Complete,ticketlink.com,C,FL,TESTBROKERAGE,TESTBROKER,Digital Signature (Trestle),Back Office,,rules.com,logo.com,DISCLAIMER,dlm@email.com,[TESTBROKERAGE] Realty,11/20/2024 9:35am,7/31/2024,10/21/2024,,10/23/2024,,,11/6/2024,11/20/2024
REALTORS Association of Northeast Wisconsin,Approved - Complete,ticketlink.com,A,WI,TESTBROKERAGE,TESTBROKER,Digital Signature (MLS Grid),IDX,[TESTBROKERAGE]realty.com,rules.com,logo.com,DISCLAIMER,dlm@email.com,[TESTBROKERAGE] Realty,9/19/2024 2:17pm,7/30/2024,9/11/2024,,9/11/2024,,,9/13/2024,9/19/2024
REALTORS Association of Northeast Wisconsin,Approved - Complete,ticketlink.com,A,WI,TESTBROKERAGE,TESTBROKER,Digital Signature (MLS Grid),Back Office,[TESTBROKERAGE]realty.com,rules.com,logo.com,DISCLAIMER,dlm@email.com,[TESTBROKERAGE] Realty,9/19/2024 1:40pm,7/31/2024,9/11/2024,,9/11/2024,9/11/2024,,9/13/2024,9/19/2024
REALTORS Association of Northwestern Wisconsin,Pending - MLS,ticketlink.com,A,WI,TESTBROKERAGE,TESTBROKER,Digital Signature (Trestle),Back Office,[TESTBROKERAGE]realty.com,rules.com,logo.com,DISCLAIMER,dlm@email.com,[TESTBROKERAGE] Realty,10/21/2024 11:05am,7/31/2024,9/26/2024,,9/26/2024,10/21/2024,,,
REALTORS Association of Northwestern Wisconsin,Approved - Complete,ticketlink.com,A,WI,TESTBROKERAGE,TESTBROKER,Digital Signature (Trestle),IDX,[TESTBROKERAGE]realty.com,rules.com,logo.com,DISCLAIMER,dlm@email.com,[TESTBROKERAGE] Realty,10/2/2024 10:45am,7/30/2024,9/26/2024,,9/26/2024,,,9/26/2024,10/2/2024
Realtracs,Pending - Broker,ticketlink.com,C,TN,TESTBROKERAGE,TESTBROKER,Digital Signature (MLS Grid),Back Office,,rules.com,logo.com,DISCLAIMER,dlm@email.com,[TESTBROKERAGE] Realty,9/6/2024 4:06pm,7/31/2024,9/5/2024,,9/6/2024,,,,
Realtracs,Approved - Complete,ticketlink.com,C,TN,TESTBROKERAGE,TESTBROKER,Digital Signature (MLS Grid),IDX,[TESTBROKERAGE]realty.com,rules.com,logo.com,DISCLAIMER,dlm@email.com,[TESTBROKERAGE] Realty,8/28/2024 9:34am,,,,,,,8/26/2024,8/28/2024
REcolorado,Approved - Complete,ticketlink.com,D,CO,TESTBROKERAGE,TESTBROKER,Digital Signature (MLS Grid),IDX,[TESTBROKERAGE]realty.com,rules.com,logo.com,DISCLAIMER,dlm@email.com,[TESTBROKERAGE] Realty,9/19/2024 1:50pm,7/29/2024,9/11/2024,,9/12/2024,,,9/13/2024,9/19/2024
REcolorado,Approved - Complete,ticketlink.com,D,CO,TESTBROKERAGE,TESTBROKER,Digital Signature (MLS Grid),Back Office,,rules.com,logo.com,DISCLAIMER,dlm@email.com,[TESTBROKERAGE] Realty,9/17/2024 1:23pm,7/31/2024,9/11/2024,,,,,9/12/2024,9/17/2024
Reelfoot Regional Association of REALTORS,Approved - Provisioning,ticketlink.com,C,TN,TESTBROKERAGE,TESTBROKER,Digital Signature (MLS Grid),Back Office,,rules.com,logo.com,DISCLAIMER,dlm@email.com,[TESTBROKERAGE] Realty,12/12/2024 1:13pm,7/31/2024,10/21/2024,,10/28/2024,,,12/12/2024,
Reelfoot Regional Association of REALTORS,Approved - Complete,ticketlink.com,C,TN,TESTBROKERAGE,TESTBROKER,Digital Signature (MLS Grid),IDX,[TESTBROKERAGE]realty.com,rules.com,logo.com,DISCLAIMER,dlm@email.com,[TESTBROKERAGE] Realty,11/6/2024 9:59am,7/29/2024,10/21/2024,,10/28/2024,,,11/1/2024,11/6/2024
Regional Multiple Listing Service (RMLS),Approved - Complete,ticketlink.com,B,OR,TESTBROKERAGE,TESTBROKER,Digital Signature (eSign),IDX,[TESTBROKERAGE]realty.com,rules.com,logo.com,DISCLAIMER,dlm@email.com,[TESTBROKERAGE] Realty,11/15/2024 11:21am,7/30/2024,11/6/2024,,11/6/2024,11/13/2024,,11/13/2024,11/15/2024
Regional Multiple Listing Service (RMLS),Approved - Complete,ticketlink.com,B,OR,TESTBROKERAGE,TESTBROKER,Digital Signature (eSign),Back Office,,rules.com,logo.com,DISCLAIMER,dlm@email.com,[TESTBROKERAGE] Realty,11/15/2024 12:23pm,7/31/2024,11/6/2024,,11/6/2024,11/13/2024,,11/13/2024,11/15/2024
REsides (Hilton Head),Approved - Complete,ticketlink.com,C,SC,TESTBROKERAGE,TESTBROKER,Digital Signature (Trestle),IDX,[TESTBROKERAGE]realty.com,rules.com,logo.com,DISCLAIMER,dlm@email.com,[TESTBROKERAGE] Realty,11/6/2024 9:47am,7/30/2024,10/21/2024,,,,,10/23/2024,11/6/2024
REsides (Hilton Head),Approved - Complete,ticketlink.com,C,SC,TESTBROKERAGE,TESTBROKER,Digital Signature (Trestle),Back Office,,rules.com,logo.com,DISCLAIMER,dlm@email.com,[TESTBROKERAGE] Realty,11/20/2024 9:34am,7/31/2024,10/21/2024,,,,,10/23/2024,11/20/2024
River Counties Association of REALTORS,Pending - CWS,ticketlink.com,C,TN,TESTBROKERAGE,TESTBROKER,Digital Signature (Spark),IDX,[TESTBROKERAGE]realty.com,rules.com,logo.com,DISCLAIMER,dlm@email.com,[TESTBROKERAGE] Realty,12/6/2024 9:42am,7/29/2024,10/21/2024,12/6/2024,10/23/2024,,,,
River Counties Association of REALTORS,Pending - Broker,ticketlink.com,C,TN,TESTBROKERAGE,TESTBROKER,Digital Signature (Spark),Back Office,,rules.com,logo.com,DISCLAIMER,dlm@email.com,[TESTBROKERAGE] Realty,10/23/2024 2:28pm,7/31/2024,10/21/2024,,10/23/2024,,,,
RMLS Alliance,Approved - Complete,ticketlink.com,A,IL,TESTBROKERAGE,TESTBROKER,Digital Signature (MLS Grid),IDX,[TESTBROKERAGE]realty.com,rules.com,logo.com,DISCLAIMER,dlm@email.com,[TESTBROKERAGE] Realty,8/28/2024 9:34am,,,,,,,8/20/2024,8/28/2024
RMLS Alliance,Approved - Complete,ticketlink.com,A,IL,TESTBROKERAGE,TESTBROKER,Digital Signature (MLS Grid),Back Office,[TESTBROKERAGE]realty.com,rules.com,logo.com,DISCLAIMER,dlm@email.com,[TESTBROKERAGE] Realty,10/2/2024 9:45am,7/31/2024,9/5/2024,,9/9/2024,,,9/26/2024,10/2/2024
Roanoke Valley Lake Gaston Board of REALTORS,Approved - Provisioning,ticketlink.com,C,NC,TESTBROKERAGE,TESTBROKER,CWS Request,Back Office,[TESTBROKERAGE]realty.com,rules.com,logo.com,DISCLAIMER,dlm@email.com,[TESTBROKERAGE] Realty,10/28/2024 12:12pm,7/31/2024,10/23/2024,,,10/28/2024,,10/28/2024,
Roanoke Valley Lake Gaston Board of REALTORS,Approved - Complete,ticketlink.com,C,NC,TESTBROKERAGE,TESTBROKER,CWS Request,IDX,[TESTBROKERAGE]realty.com,rules.com,logo.com,DISCLAIMER,dlm@email.com,[TESTBROKERAGE] Realty,11/13/2024 10:36am,7/29/2024,10/28/2024,,,10/28/2024,,10/28/2024,11/13/2024
Royal Gorge Association of REALTORS,Approved - Complete,ticketlink.com,D,CO,TESTBROKERAGE,TESTBROKER,Automatic,IDX,[TESTBROKERAGE]realty.com,rules.com,logo.com,DISCLAIMER,dlm@email.com,[TESTBROKERAGE] Realty,10/24/2024 9:20am,7/29/2024,10/17/2024,,,10/18/2024,,10/18/2024,10/24/2024
Royal Gorge Association of REALTORS,Approved - Complete,ticketlink.com,D,CO,TESTBROKERAGE,TESTBROKER,Automatic,Back Office,,rules.com,logo.com,DISCLAIMER,dlm@email.com,[TESTBROKERAGE] Realty,10/30/2024 10:39am,7/31/2024,10/17/2024,,,10/18/2024,,10/18/2024,10/30/2024
San Angelo Association of REALTORS,Approved - Complete,ticketlink.com,D,TX,TESTBROKERAGE,TESTBROKER,Automatic,IDX,[TESTBROKERAGE]realty.com,rules.com,logo.com,DISCLAIMER,dlm@email.com,[TESTBROKERAGE] Realty,11/6/2024 11:09am,7/29/2024,10/17/2024,,,10/21/2024,,11/1/2024,11/6/2024
San Angelo Association of REALTORS,Approved - Complete,ticketlink.com,D,TX,TESTBROKERAGE,TESTBROKER,Automatic,Back Office,,rules.com,logo.com,DISCLAIMER,dlm@email.com,[TESTBROKERAGE] Realty,10/30/2024 10:41am,7/31/2024,10/17/2024,,,10/18/2024,,10/21/2024,10/30/2024
San Antonio Board of REALTORS,Pending - Broker,ticketlink.com,D,TX,TESTBROKERAGE,TESTBROKER,Digital Signature (eSign),Back Office,,rules.com,logo.com,DISCLAIMER,dlm@email.com,[TESTBROKERAGE] Realty,9/18/2024 12:15pm,7/31/2024,9/11/2024,,9/18/2024,,,,
San Antonio Board of REALTORS,Approved - Complete,ticketlink.com,D,TX,TESTBROKERAGE,TESTBROKER,Digital Signature (eSign),IDX,[TESTBROKERAGE]realty.com,rules.com,logo.com,DISCLAIMER,dlm@email.com,[TESTBROKERAGE] Realty,10/24/2024 9:19am,7/29/2024,9/11/2024,,10/16/2024,10/9/2024,,10/18/2024,10/24/2024
San Juan County Board of REALTORS,Pending - Broker,ticketlink.com,D,NM,TESTBROKERAGE,TESTBROKER,Broker-Initiated (MLS Request),IDX,[TESTBROKERAGE]realty.com,rules.com,logo.com,DISCLAIMER,dlm@email.com,[TESTBROKERAGE] Realty,11/8/2024 11:21am,7/29/2024,11/6/2024,11/6/2024,11/8/2024,,,,
San Juan County Board of REALTORS,Pending - Broker,ticketlink.com,D,NM,TESTBROKERAGE,TESTBROKER,Broker-Initiated (MLS Request),Back Office,,rules.com,logo.com,DISCLAIMER,dlm@email.com,[TESTBROKERAGE] Realty,11/8/2024 11:21am,7/31/2024,11/6/2024,11/6/2024,11/8/2024,,,,
Santa Fe Association of REALTORS,Approved - Complete,ticketlink.com,D,NM,TESTBROKERAGE,TESTBROKER,Digital Signature (Trestle),IDX,[TESTBROKERAGE]realty.com,rules.com,logo.com,DISCLAIMER,dlm@email.com,[TESTBROKERAGE] Realty,10/9/2024 10:56am,7/29/2024,9/26/2024,,9/27/2024,,,10/4/2024,10/9/2024
Santa Fe Association of REALTORS,Approved - Complete,ticketlink.com,D,NM,TESTBROKERAGE,TESTBROKER,Digital Signature (Trestle),Back Office,[TESTBROKERAGE]realty.com,rules.com,logo.com,DISCLAIMER,dlm@email.com,[TESTBROKERAGE] Realty,10/9/2024 11:17am,7/31/2024,9/26/2024,,9/30/2024,,,10/7/2024,10/9/2024
Selkirk Association of REALTORS,Approved - Complete,ticketlink.com,B,ID,TESTBROKERAGE,TESTBROKER,Broker-Initiated (PAM),IDX,[TESTBROKERAGE]realty.com,rules.com,logo.com,DISCLAIMER,dlm@email.com,[TESTBROKERAGE] Realty,11/12/2024 10:49am,7/29/2024,11/6/2024,,11/6/2024,11/7/2024,,11/7/2024,11/12/2024
Selkirk Association of REALTORS,Approved - Complete,ticketlink.com,B,ID,TESTBROKERAGE,TESTBROKER,Broker-Initiated (PAM),Back Office,,rules.com,logo.com,DISCLAIMER,dlm@email.com,[TESTBROKERAGE] Realty,12/3/2024 11:33am,7/31/2024,11/6/2024,,11/6/2024,12/2/2024,,,12/3/2024
SmartMLS,Pending - Broker,ticketlink.com,A,CT,TESTBROKERAGE,TESTBROKER,Digital Signature (eSign),Back Office,,rules.com,logo.com,DISCLAIMER,dlm@email.com,[TESTBROKERAGE] Realty,9/25/2024 1:57pm,7/31/2024,9/11/2024,,9/25/2024,,,,
SmartMLS,Approved - Complete,ticketlink.com,A,CT,TESTBROKERAGE,TESTBROKER,Digital Signature (eSign),IDX,[TESTBROKERAGE]realty.com,rules.com,logo.com,DISCLAIMER,dlm@email.com,[TESTBROKERAGE] Realty,11/12/2024 9:45am,7/30/2024,9/11/2024,,9/25/2024,11/7/2024,,11/7/2024,11/12/2024
South Central Wisconsin Multiple Listing Service,Approved - Complete,ticketlink.com,A,WI,TESTBROKERAGE,TESTBROKER,Digital Signature (eSign),IDX,[TESTBROKERAGE]realty.com,rules.com,logo.com,DISCLAIMER,dlm@email.com,[TESTBROKERAGE] Realty,10/16/2024 10:36am,7/30/2024,9/26/2024,,10/3/2024,10/4/2024,,10/14/2024,10/16/2024
South Central Wisconsin Multiple Listing Service,Approved - Complete,ticketlink.com,A,WI,TESTBROKERAGE,TESTBROKER,Digital Signature (eSign),Back Office,[TESTBROKERAGE]realty.com,rules.com,logo.com,DISCLAIMER,dlm@email.com,[TESTBROKERAGE] Realty,10/16/2024 10:53am,7/31/2024,9/26/2024,,10/3/2024,10/4/2024,,10/14/2024,10/16/2024
South Jersey Shore Regional MLS,Approved - Complete,ticketlink.com,A,NJ,TESTBROKERAGE,TESTBROKER,Digital Signature (eSign),IDX,[TESTBROKERAGE]realty.com,rules.com,logo.com,DISCLAIMER,dlm@email.com,[TESTBROKERAGE] Realty,8/20/2024 1:13pm,,,,,,,,8/20/2024
South Jersey Shore Regional MLS,Approved - Complete,ticketlink.com,A,NJ,TESTBROKERAGE,TESTBROKER,Digital Signature (eSign),Back Office,[TESTBROKERAGE]realty.com,rules.com,logo.com,DISCLAIMER,dlm@email.com,[TESTBROKERAGE] Realty,10/9/2024 11:26am,7/31/2024,8/27/2024,,8/30/2024,9/27/2024,,10/3/2024,10/9/2024
South Tahoe Association of REALTORS,Pending - MLS,ticketlink.com,D,CA,TESTBROKERAGE,TESTBROKER,CWS Request,Back Office,[TESTBROKERAGE]realty.com,rules.com,logo.com,DISCLAIMER,dlm@email.com,[TESTBROKERAGE] Realty,9/26/2024 1:21pm,7/31/2024,9/26/2024,,,9/26/2024,,,
South Tahoe Association of REALTORS,Approved - Complete,ticketlink.com,D,CA,TESTBROKERAGE,TESTBROKER,CWS Request,IDX,[TESTBROKERAGE]realty.com,rules.com,logo.com,DISCLAIMER,dlm@email.com,[TESTBROKERAGE] Realty,10/2/2024 10:00am,7/29/2024,9/26/2024,,,9/26/2024,,9/30/2024,10/2/2024
Southern Indiana REALTORS Association,Approved - Complete,ticketlink.com,A,IN,TESTBROKERAGE,TESTBROKER,Digital Signature (Trestle),IDX,[TESTBROKERAGE]realty.com,rules.com,logo.com,DISCLAIMER,dlm@email.com,[TESTBROKERAGE] Realty,8/28/2024 9:34am,,,,,,,8/22/2024,8/28/2024
Southern Indiana REALTORS Association,Approved - Complete,ticketlink.com,A,IN,TESTBROKERAGE,TESTBROKER,Digital Signature (Trestle),Back Office,[TESTBROKERAGE]realty.com,rules.com,logo.com,DISCLAIMER,dlm@email.com,[TESTBROKERAGE] Realty,9/17/2024 1:46pm,7/31/2024,9/5/2024,,9/9/2024,,,9/11/2024,9/17/2024
Southern Missouri Regional MLS,Approved - Complete,ticketlink.com,B,MO,TESTBROKERAGE,TESTBROKER,Digital Signature (MLS Grid),IDX,[TESTBROKERAGE]realty.com,rules.com,logo.com,DISCLAIMER,dlm@email.com,[TESTBROKERAGE] Realty,11/5/2024 5:40pm,,10/21/2024,,10/21/2024,,,10/28/2024,11/5/2024
Southern Missouri Regional MLS,Approved - Complete,ticketlink.com,B,MO,TESTBROKERAGE,TESTBROKER,Digital Signature (MLS Grid),Back Office,[TESTBROKERAGE]realty.com,rules.com,logo.com,DISCLAIMER,dlm@email.com,[TESTBROKERAGE] Realty,11/12/2024 10:08am,,10/21/2024,,10/21/2024,,,10/29/2024,11/12/2024
Southern New Mexico MLS (Las Cruces Association of REALTORS),Approved - Complete,ticketlink.com,D,NM,TESTBROKERAGE,TESTBROKER,Digital Signature (MLS Grid),IDX,[TESTBROKERAGE]realty.com,rules.com,logo.com,DISCLAIMER,dlm@email.com,[TESTBROKERAGE] Realty,10/9/2024 10:57am,7/30/2024,9/26/2024,,9/27/2024,10/4/2024,,10/7/2024,10/9/2024
Southern New Mexico MLS (Las Cruces Association of REALTORS),Approved - Complete,ticketlink.com,D,NM,TESTBROKERAGE,TESTBROKER,Digital Signature (MLS Grid),Back Office,[TESTBROKERAGE]realty.com,rules.com,logo.com,DISCLAIMER,dlm@email.com,[TESTBROKERAGE] Realty,10/9/2024 11:17am,7/31/2024,9/26/2024,,9/27/2024,,,10/7/2024,10/9/2024
Southwest Iowa Association of REALTORS,Cancelled,ticketlink.com,B,IA,TESTBROKERAGE,TESTBROKER,Digital Signature (Spark),IDX,[TESTBROKERAGE]realty.com,rules.com,logo.com,DISCLAIMER,dlm@email.com,[TESTBROKERAGE] Realty,11/18/2024 10:26am,7/29/2024,11/4/2024,,11/4/2024,11/4/2024,,,
Southwest Iowa Association of REALTORS,Cancelled,ticketlink.com,B,IA,TESTBROKERAGE,TESTBROKER,Digital Signature (Spark),Back Office,,rules.com,logo.com,DISCLAIMER,dlm@email.com,[TESTBROKERAGE] Realty,11/18/2024 10:27am,7/31/2024,11/4/2024,,11/7/2024,,,,
Southwest MLS (Greater Albuquerque Association of REALTORS),Approved - Complete,ticketlink.com,D,NM,TESTBROKERAGE,TESTBROKER,Digital Signature (Trestle),IDX,[TESTBROKERAGE]realty.com,rules.com,logo.com,DISCLAIMER,dlm@email.com,[TESTBROKERAGE] Realty,10/2/2024 9:56am,7/30/2024,9/26/2024,,9/26/2024,,,9/30/2024,10/2/2024
Southwest MLS (Greater Albuquerque Association of REALTORS),Approved - Complete,ticketlink.com,D,NM,TESTBROKERAGE,TESTBROKER,Digital Signature (Trestle),Back Office,[TESTBROKERAGE]realty.com,rules.com,logo.com,DISCLAIMER,dlm@email.com,[TESTBROKERAGE] Realty,10/2/2024 10:17am,7/31/2024,9/26/2024,,9/26/2024,,,9/30/2024,10/2/2024
Space Coast MLS (Space Coast Association of REALTORS),Pending - Broker,ticketlink.com,C,FL,TESTBROKERAGE,TESTBROKER,Digital Signature (Spark),Back Office,,rules.com,logo.com,DISCLAIMER,dlm@email.com,[TESTBROKERAGE] Realty,8/22/2024 11:46am,,,,8/22/2024,,,,
Space Coast MLS (Space Coast Association of REALTORS),Approved - Provisioning,ticketlink.com,C,FL,TESTBROKERAGE,TESTBROKER,Digital Signature (Spark),IDX,[TESTBROKERAGE]realty.com,rules.com,logo.com,DISCLAIMER,dlm@email.com,[TESTBROKERAGE] Realty,12/12/2024 12:51pm,,,,8/22/2024,12/9/2024,,12/12/2024,
Spokane Association of REALTORS,Approved - Complete,ticketlink.com,B,WA,TESTBROKERAGE,TESTBROKER,Digital Signature (MLS Grid),IDX,[TESTBROKERAGE]realty.com,rules.com,logo.com,DISCLAIMER,dlm@email.com,[TESTBROKERAGE] Realty,10/24/2024 10:31am,7/29/2024,10/21/2024,,10/21/2024,,,10/22/2024,10/24/2024
Spokane Association of REALTORS,Approved - Complete,ticketlink.com,B,WA,TESTBROKERAGE,TESTBROKER,Digital Signature (MLS Grid),Back Office,,rules.com,logo.com,DISCLAIMER,dlm@email.com,[TESTBROKERAGE] Realty,10/28/2024 5:18pm,7/31/2024,10/21/2024,,10/21/2024,,,10/22/2024,10/28/2024
Stellar MLS,Pending - Broker,ticketlink.com,C,FL,TESTBROKERAGE,TESTBROKER,Digital Signature (MLS Grid),Back Office,,rules.com,logo.com,DISCLAIMER,dlm@email.com,[TESTBROKERAGE] Realty,9/6/2024 4:05pm,7/31/2024,9/5/2024,,9/6/2024,,,,
Stellar MLS,Approved - Complete,ticketlink.com,C,FL,TESTBROKERAGE,TESTBROKER,Digital Signature (MLS Grid),IDX,[TESTBROKERAGE]realty.com,rules.com,logo.com,DISCLAIMER,dlm@email.com,[TESTBROKERAGE] Realty,8/28/2024 9:34am,,,,,,,8/26/2024,8/28/2024
Strategic MLS Alliance,Approved - Provisioning,ticketlink.com,C,AL,TESTBROKERAGE,TESTBROKER,Digital Signature (eSign),Back Office,,rules.com,logo.com,DISCLAIMER,dlm@email.com,[TESTBROKERAGE] Realty,12/3/2024 1:59pm,7/31/2024,9/11/2024,,10/28/2024,11/18/2024,,12/3/2024,
Strategic MLS Alliance,Approved - Complete,ticketlink.com,C,AL,TESTBROKERAGE,TESTBROKER,Digital Signature (eSign),IDX,[TESTBROKERAGE]realty.com,rules.com,logo.com,DISCLAIMER,dlm@email.com,[TESTBROKERAGE] Realty,12/12/2024 12:36pm,7/30/2024,9/11/2024,,10/28/2024,11/18/2024,,12/3/2024,12/12/2024
Strategic MLS Alliance,Approved - Complete,ticketlink.com,C,AL,TESTBROKERAGE,TESTBROKER,Digital Signature (eSign),IDX,[TESTBROKERAGE]realty.com,rules.com,logo.com,DISCLAIMER,dlm@email.com,[TESTBROKERAGE] Realty,12/13/2024 1:40pm,,12/2/2024,,12/3/2024,12/13/2024,,,12/13/2024
Sumter Board of REALTORS,Approved - Provisioning,ticketlink.com,C,SC,TESTBROKERAGE,TESTBROKER,CWS Request,Back Office,,rules.com,logo.com,DISCLAIMER,dlm@email.com,[TESTBROKERAGE] Realty,10/28/2024 12:08pm,7/31/2024,10/17/2024,,,10/28/2024,,10/28/2024,
Sumter Board of REALTORS,Approved - Complete,ticketlink.com,C,SC,TESTBROKERAGE,TESTBROKER,CWS Request,IDX,[TESTBROKERAGE]realty.com,rules.com,logo.com,DISCLAIMER,dlm@email.com,[TESTBROKERAGE] Realty,11/6/2024 9:59am,7/29/2024,10/17/2024,,,10/28/2024,,10/28/2024,11/6/2024
Tehama County Association of REALTORS,Approved - Complete,ticketlink.com,D,CA,TESTBROKERAGE,TESTBROKER,Digital Signature (eSign),IDX,[TESTBROKERAGE]realty.com,rules.com,logo.com,DISCLAIMER,dlm@email.com,[TESTBROKERAGE] Realty,11/14/2024 9:38am,7/29/2024,9/30/2024,,9/30/2024,10/16/2024,,11/11/2024,11/14/2024
Tehama County Association of REALTORS,Approved - Complete,ticketlink.com,D,CA,TESTBROKERAGE,TESTBROKER,Digital Signature (eSign),Back Office,[TESTBROKERAGE]realty.com,rules.com,logo.com,DISCLAIMER,dlm@email.com,[TESTBROKERAGE] Realty,11/14/2024 10:54am,7/31/2024,9/30/2024,,9/30/2024,,,11/11/2024,11/14/2024
TennesseeVirginia Regional MLS,Approved - Complete,ticketlink.com,C,TN,TESTBROKERAGE,TESTBROKER,Digital Signature (Spark),IDX,[TESTBROKERAGE]realty.com,rules.com,logo.com,DISCLAIMER,dlm@email.com,[TESTBROKERAGE] Realty,11/6/2024 9:59am,7/29/2024,10/21/2024,,10/23/2024,,,10/28/2024,11/6/2024
TennesseeVirginia Regional MLS,Approved - Complete,ticketlink.com,C,TN,TESTBROKERAGE,TESTBROKER,Digital Signature (Spark),Back Office,,rules.com,logo.com,DISCLAIMER,dlm@email.com,[TESTBROKERAGE] Realty,11/18/2024 12:42pm,7/31/2024,10/21/2024,,10/23/2024,,,11/1/2024,11/18/2024
Texarkana Board of REALTORS,Approved - Provisioning,ticketlink.com,C,AR,TESTBROKERAGE,TESTBROKER,Digital Signature (eSign),IDX,[TESTBROKERAGE]realty.com,rules.com,logo.com,DISCLAIMER,dlm@email.com,[TESTBROKERAGE] Realty,12/13/2024 4:13pm,7/29/2024,9/30/2024,,11/5/2024,12/10/2024,,12/13/2024,
Texarkana Board of REALTORS,Approved - Provisioning,ticketlink.com,C,AR,TESTBROKERAGE,TESTBROKER,Digital Signature (eSign),Back Office,[TESTBROKERAGE]realty.com,rules.com,logo.com,DISCLAIMER,dlm@email.com,[TESTBROKERAGE] Realty,12/13/2024 4:23pm,7/31/2024,9/30/2024,,11/5/2024,,,12/13/2024,
Thomasville Area Board of REALTORS,Approved - Provisioning,ticketlink.com,C,GA,TESTBROKERAGE,TESTBROKER,CWS Request,Back Office,,rules.com,logo.com,DISCLAIMER,dlm@email.com,[TESTBROKERAGE] Realty,10/28/2024 11:58am,7/31/2024,10/17/2024,,,10/28/2024,,10/28/2024,
Thomasville Area Board of REALTORS,Approved - Complete,ticketlink.com,C,GA,TESTBROKERAGE,TESTBROKER,CWS Request,IDX,[TESTBROKERAGE]realty.com,rules.com,logo.com,DISCLAIMER,dlm@email.com,[TESTBROKERAGE] Realty,11/6/2024 9:46am,7/29/2024,10/17/2024,,,10/28/2024,,10/28/2024,11/6/2024
Triad MLS,Cancelled,ticketlink.com,C,NC,TESTBROKERAGE,TESTBROKER,Broker-Initiated (BAM),IDX,[TESTBROKERAGE]realty.com,rules.com,logo.com,DISCLAIMER,dlm@email.com,[TESTBROKERAGE] Realty,10/15/2024 12:47pm,7/29/2024,,,,,,,
Triad MLS,Cancelled,ticketlink.com,C,NC,TESTBROKERAGE,TESTBROKER,Broker-Initiated (BAM),Back Office,,rules.com,logo.com,DISCLAIMER,dlm@email.com,[TESTBROKERAGE] Realty,10/15/2024 12:47pm,7/31/2024,,,,,,,
Triangle MLS,Approved - Complete,ticketlink.com,C,NC,TESTBROKERAGE,TESTBROKER,Broker-Initiated (BAM),IDX,[TESTBROKERAGE]realty.com,rules.com,logo.com,DISCLAIMER,dlm@email.com,[TESTBROKERAGE] Realty,11/6/2024 9:46am,7/29/2024,9/11/2024,,10/2/2024,,,10/28/2024,11/6/2024
Triangle MLS,Approved - Complete,ticketlink.com,C,NC,TESTBROKERAGE,TESTBROKER,Broker-Initiated (BAM),Back Office,,rules.com,logo.com,DISCLAIMER,dlm@email.com,[TESTBROKERAGE] Realty,11/18/2024 12:38pm,7/31/2024,9/11/2024,,10/2/2024,,,10/28/2024,11/18/2024
Tuolumne County Association of REALTORS,Pending - Broker,ticketlink.com,D,CA,TESTBROKERAGE,TESTBROKER,Broker-Initiated (PAM),IDX,[TESTBROKERAGE]realty.com,rules.com,logo.com,DISCLAIMER,dlm@email.com,[TESTBROKERAGE] Realty,10/2/2024 9:44am,,9/26/2024,,10/2/2024,,,,
Tuolumne County Association of REALTORS,Pending - Broker,ticketlink.com,D,CA,TESTBROKERAGE,TESTBROKER,Broker-Initiated (PAM),Back Office,[TESTBROKERAGE]realty.com,rules.com,logo.com,DISCLAIMER,dlm@email.com,[TESTBROKERAGE] Realty,10/2/2024 9:47am,,9/26/2024,,10/2/2024,,,,
Unlock MLS (Austin Board of REALTORS),Approved - Complete,ticketlink.com,D,TX,TESTBROKERAGE,TESTBROKER,Digital Signature (MLS Grid),IDX,[TESTBROKERAGE]realty.com,rules.com,logo.com,DISCLAIMER,dlm@email.com,[TESTBROKERAGE] Realty,10/2/2024 9:59am,7/30/2024,9/11/2024,,9/11/2024,9/26/2024,,9/27/2024,10/2/2024
Unlock MLS (Austin Board of REALTORS),Approved - Complete,ticketlink.com,D,TX,TESTBROKERAGE,TESTBROKER,Digital Signature (MLS Grid),Back Office,,rules.com,logo.com,DISCLAIMER,dlm@email.com,[TESTBROKERAGE] Realty,10/2/2024 10:16am,7/31/2024,9/11/2024,,9/11/2024,9/26/2024,,9/27/2024,10/2/2024
Upper Cumberland Association of REALTORS,Approved - Complete,ticketlink.com,C,TN,TESTBROKERAGE,TESTBROKER,CWS Request,IDX,[TESTBROKERAGE]realty.com,rules.com,logo.com,DISCLAIMER,dlm@email.com,[TESTBROKERAGE] Realty,11/6/2024 9:58am,7/29/2024,10/2/2024,,10/23/2024,10/28/2024,,10/28/2024,11/6/2024
Upper Cumberland Association of REALTORS,Approved - Complete,ticketlink.com,C,TN,TESTBROKERAGE,TESTBROKER,CWS Request,Back Office,,rules.com,logo.com,DISCLAIMER,dlm@email.com,[TESTBROKERAGE] Realty,11/18/2024 9:35am,7/31/2024,10/28/2024,,,10/28/2024,,10/28/2024,11/18/2024
UtahRealEstate (Wasatch Front),Approved - Complete,ticketlink.com,D,UT,TESTBROKERAGE,TESTBROKER,Broker-Initiated (MLS Dashboard),IDX,[TESTBROKERAGE]realty.com,rules.com,logo.com,DISCLAIMER,dlm@email.com,[TESTBROKERAGE] Realty,8/20/2024 11:12am,,,,,,,,8/20/2024
UtahRealEstate (Wasatch Front),Approved - Complete,ticketlink.com,D,UT,TESTBROKERAGE,TESTBROKER,Broker-Initiated (MLS Dashboard),Back Office,,rules.com,logo.com,DISCLAIMER,dlm@email.com,[TESTBROKERAGE] Realty,9/17/2024 1:25pm,7/31/2024,8/27/2024,,,,,9/11/2024,9/17/2024
ValleyMLS,Approved - Complete,ticketlink.com,C,AL,TESTBROKERAGE,TESTBROKER,Broker-Initiated (BAM),IDX,[TESTBROKERAGE]realty.com,rules.com,logo.com,DISCLAIMER,dlm@email.com,[TESTBROKERAGE] Realty,11/18/2024 3:02pm,7/29/2024,9/11/2024,,9/23/2024,,,11/18/2024,11/18/2024
ValleyMLS,Approved - Complete,ticketlink.com,C,AL,TESTBROKERAGE,TESTBROKER,Broker-Initiated (BAM),Back Office,,rules.com,logo.com,DISCLAIMER,dlm@email.com,[TESTBROKERAGE] Realty,11/19/2024 10:21am,7/31/2024,9/11/2024,,9/23/2024,,,11/18/2024,11/19/2024
VicksburgWarren County Board of REALTORS,Approved - Complete,ticketlink.com,C,MS,TESTBROKERAGE,TESTBROKER,CWS Request,IDX,[TESTBROKERAGE]realty.com,rules.com,logo.com,DISCLAIMER,dlm@email.com,[TESTBROKERAGE] Realty,11/6/2024 10:00am,7/29/2024,10/17/2024,,,10/25/2024,,11/1/2024,11/6/2024
VicksburgWarren County Board of REALTORS,Approved - Complete,ticketlink.com,C,MS,TESTBROKERAGE,TESTBROKER,CWS Request,Back Office,,rules.com,logo.com,DISCLAIMER,dlm@email.com,[TESTBROKERAGE] Realty,11/18/2024 10:50am,7/31/2024,10/17/2024,,,10/25/2024,,11/1/2024,11/18/2024
Walker Area Association of REALTORS,Pending - Broker,ticketlink.com,C,AL,TESTBROKERAGE,TESTBROKER,Digital Signature (Spark),Back Office,,rules.com,logo.com,DISCLAIMER,dlm@email.com,[TESTBROKERAGE] Realty,10/15/2024 4:42pm,7/31/2024,9/11/2024,,10/15/2024,,,,
Walker Area Association of REALTORS,Approved - Complete,ticketlink.com,C,AL,TESTBROKERAGE,TESTBROKER,Digital Signature (Spark),IDX,[TESTBROKERAGE]realty.com,rules.com,logo.com,DISCLAIMER,dlm@email.com,[TESTBROKERAGE] Realty,12/12/2024 12:36pm,7/30/2024,9/11/2024,12/6/2024,11/18/2024,,,12/11/2024,12/12/2024
Washington County Board of REALTORS (UT),Approved - Complete,ticketlink.com,D,UT,TESTBROKERAGE,TESTBROKER,Digital Signature (Spark),IDX,[TESTBROKERAGE]realty.com,rules.com,logo.com,DISCLAIMER,dlm@email.com,[TESTBROKERAGE] Realty,9/20/2024 9:15am,7/29/2024,9/9/2024,,9/10/2024,,,9/19/2024,9/20/2024
Washington County Board of REALTORS (UT),Approved - Complete,ticketlink.com,D,UT,TESTBROKERAGE,TESTBROKER,Digital Signature (Spark),Back Office,,rules.com,logo.com,DISCLAIMER,dlm@email.com,[TESTBROKERAGE] Realty,9/19/2024 2:11pm,7/31/2024,9/9/2024,,9/10/2024,9/18/2024,,9/18/2024,9/19/2024
Water Wonderland Board of REALTORS,New,ticketlink.com,A,MI,TESTBROKERAGE,TESTBROKER,Broker-Initiated (MLS Request),Back Office,,rules.com,logo.com,DISCLAIMER,dlm@email.com,[TESTBROKERAGE] Realty,7/31/2024 9:55am,7/31/2024,,,,,,,
Water Wonderland Board of REALTORS,Approved - Complete,ticketlink.com,A,MI,TESTBROKERAGE,TESTBROKER,Broker-Initiated (MLS Request),IDX,[TESTBROKERAGE]realty.com,rules.com,logo.com,DISCLAIMER,dlm@email.com,[TESTBROKERAGE] Realty,9/19/2024 5:04pm,7/29/2024,9/16/2024,,9/18/2024,9/18/2024,,9/18/2024,9/19/2024
West Alabama Multiple Listing Service,Approved - Complete,ticketlink.com,C,AL,TESTBROKERAGE,TESTBROKER,Digital Signature (Trestle),IDX,[TESTBROKERAGE]realty.com,rules.com,logo.com,DISCLAIMER,dlm@email.com,[TESTBROKERAGE] Realty,11/13/2024 10:37am,,,,8/23/2024,,,11/1/2024,11/13/2024
West Alabama Multiple Listing Service,Approved - Complete,ticketlink.com,C,AL,TESTBROKERAGE,TESTBROKER,Digital Signature (Trestle),VOW,,rules.com,logo.com,DISCLAIMER,dlm@email.com,[TESTBROKERAGE] Realty,11/18/2024 1:20pm,7/31/2024,9/23/2024,,10/9/2024,,,11/18/2024,11/18/2024
West Penn MultiList,Approved - Complete,ticketlink.com,A,PA,TESTBROKERAGE,TESTBROKER,Digital Signature (Trestle),IDX,[TESTBROKERAGE]realty.com,rules.com,logo.com,DISCLAIMER,dlm@email.com,[TESTBROKERAGE] Realty,11/6/2024 9:19am,7/29/2024,10/21/2024,,10/22/2024,,,10/24/2024,11/6/2024
West Penn MultiList,Approved - Complete,ticketlink.com,A,PA,TESTBROKERAGE,TESTBROKER,Digital Signature (Trestle),Back Office,,rules.com,logo.com,DISCLAIMER,dlm@email.com,[TESTBROKERAGE] Realty,11/11/2024 5:51pm,7/31/2024,10/21/2024,,10/22/2024,,,10/24/2024,11/11/2024
Westcliffe MLS / RealtyPro Solutions,Cancelled,ticketlink.com,D,UT,TESTBROKERAGE,TESTBROKER,Broker-Initiated (MLS Request),IDX,[TESTBROKERAGE]realty.com,rules.com,logo.com,DISCLAIMER,dlm@email.com,[TESTBROKERAGE] Realty,11/6/2024 10:11am,,,,,,,,
Westcliffe MLS / RealtyPro Solutions,Cancelled,ticketlink.com,D,UT,TESTBROKERAGE,TESTBROKER,Broker-Initiated (MLS Request),Back Office,,rules.com,logo.com,DISCLAIMER,dlm@email.com,,11/6/2024 10:11am,,,,,,,,
Western Kentucky Regional MLS,Approved - Complete,ticketlink.com,A,KY,TESTBROKERAGE,TESTBROKER,Broker-Initiated (MLS Request),IDX,[TESTBROKERAGE]realty.com,rules.com,logo.com,DISCLAIMER,dlm@email.com,[TESTBROKERAGE] Realty,10/9/2024 11:26am,7/29/2024,9/26/2024,,9/26/2024,10/2/2024,,10/4/2024,10/9/2024
Western Kentucky Regional MLS,Approved - Complete,ticketlink.com,A,KY,TESTBROKERAGE,TESTBROKER,Broker-Initiated (MLS Request),Back Office,[TESTBROKERAGE]realty.com,rules.com,logo.com,DISCLAIMER,dlm@email.com,[TESTBROKERAGE] Realty,10/9/2024 11:30am,7/31/2024,9/26/2024,,9/26/2024,10/2/2024,,10/4/2024,10/9/2024
Western Upstate Multiple Listing Service,Approved - Complete,ticketlink.com,C,SC,TESTBROKERAGE,TESTBROKER,Digital Signature (eSign),IDX,[TESTBROKERAGE]realty.com,rules.com,logo.com,DISCLAIMER,dlm@email.com,[TESTBROKERAGE] Realty,11/6/2024 9:51am,7/30/2024,9/26/2024,,10/15/2024,,,10/28/2024,11/6/2024
Western Upstate Multiple Listing Service,Approved - Complete,ticketlink.com,C,SC,TESTBROKERAGE,TESTBROKER,Digital Signature (eSign),Back Office,[TESTBROKERAGE]realty.com,rules.com,logo.com,DISCLAIMER,dlm@email.com,[TESTBROKERAGE] Realty,11/18/2024 10:43am,7/31/2024,9/26/2024,,10/15/2024,,,11/6/2024,11/18/2024
Yuma Association of REALTORS,Pending - MLS,ticketlink.com,D,AZ,TESTBROKERAGE,TESTBROKER,Digital Signature (eSign),Back Office,[TESTBROKERAGE]realty.com,rules.com,logo.com,DISCLAIMER,dlm@email.com,[TESTBROKERAGE] Realty,11/8/2024 2:36pm,7/31/2024,9/26/2024,,9/30/2024,11/8/2024,,,
Yuma Association of REALTORS,Approved - Complete,ticketlink.com,D,AZ,TESTBROKERAGE,TESTBROKER,Digital Signature (eSign),IDX,[TESTBROKERAGE]realty.com,rules.com,logo.com,DISCLAIMER,dlm@email.com,[TESTBROKERAGE] Realty,11/14/2024 10:01am,7/30/2024,9/26/2024,,9/30/2024,11/8/2024,,11/11/2024,11/14/2024
